Post Number,Platform,Username,Content URL,Text,Creation Date,Additional Info
1,Sikayet Var,Emre,https://www.sikayetvar.com/arcelik/arcelikten-deprem-magdurlarina-destek-yok,"Biz daha önceden de sürekli beyaz eşya olarak hep Arçelik grubunu seçiyorduk fakat biz deprem bölgesinde defalarca yaşanan sıkıntıdan dolayı buzdolabı ve eşyalarımız zarar gördü. Bunu görüştüğümüzde sadece garanti süresi dolmamış ürünleri ücret karşılığı garanti kapsamını uzattılar. Biz de buzdolabının depremde zarar görüp çatladığını söyledik, sorunlu olduğunu belirttik. Garantisi olmadığı için değişim yapamayacaklarını söylediler. Farkı ödeyelim dedik, yapmadılar. Bize yardımcı olmadılar. Böyle bir günde Arçelik grubu sadece iyi gün dostu.",14 Ekim 16:15,N/A
2,Sikayet Var,Pelin,https://www.sikayetvar.com/arcelik/arcelik-buzdolabi-sorunlari-servis-yetersizligi-ve-magduriyet,"Yaklaşık 1,5 yıl önce İzmir Karşıyaka bayisinden almış olduğum buzdolabı için 4 kez servis çağırmama rağmen sorunum çözülmedi. Dondurucu bölmesi tam randıman vermiyor. Gösterge günde 3-4 kez hataya geçiyor. Servis sorun yok deyip gidiyor. 
Böyle bir firmanın çare bulamayışı ve bu kadar mağdur edişi hiç etik değil.
Dolabımın acilen değişimini istiyorum.
Lütfen Arçelik olarak sorunuma çözüm bulun.",14 Ekim 15:34,N/A
3,Sikayet Var,Mehmet,https://www.sikayetvar.com/arcelik/arcelik-servisi-ile-yasadigim-buzdolabi-sorunu,"Arçelik Ben Mehmet Arif K****. Mersin Mesleki Eğitim Merkezi'nde öğretmenim. 15 gün önce Davultepe'deki yazlık evimde kullanmak amacıyla Arçelik marka bir buzdolabı aldım. Arçelik Hürriyet servisi elemanları yerine iterken buzdolabını çizdiler. Bu durumu servis elemanları gittikten sonra fark ettim. Yerini metre ile ölçtüğümde küçük olduğunu fark ettim. Bu durumu Arçelik çağrı merkezi ne 4-5 defa arayarak söyledim. Her seferinde Hürriyet servisinden elemanlar yönlendirildi ve onlar da bizden kaynaklı olmadığını ifade ettiler. Mersin Hürriyet servisinden şikayetçiyim çünkü buzdolabı yerine uygun değil. Bunu bana söyleselerdi ben buzdolabını değiştirirdim. Şimdi bu buzdolabının değiştirilmesini istiyorum. Bundan dolayı Mersin Arçelik Hürriyet servisinden şikayetçiyim. Buzdolabını çizdikleri yetmezmiş gibi hatalarını da kabul etmiyorlar. Bu durum beni mağduriyete soktu. Tarafsız bir bilirkişinin konuyu inceleyip mağduriyetimin giderilmesini istiyorum. Teşekkür eder, hayırlı günler dilerim.",14 Ekim 15:09,N/A
4,Sikayet Var,Şerife,https://www.sikayetvar.com/arcelik/arcelik-servis-hizmetinde-yasanan-sorunlar-ve-memnuniyetsizlik,Ankastre set montajı işleminde sorun yaşadım. İlk olarak gelen servis ocak ve fırın montajını yapmış. Daha sonra aspiratör için priz olmadığı için yapılmasını ve tekrar servis kaydı açmamızı iletmiş eşime. Eşimde ertesi gün priz yaptırdı ve ben tekrar servis kaydı açtım. 12.10.2024 tarihinde 14.00-16.00 arasında geleceğini söyledi. Müşteri hizmetleri . 12.10.2024 sabahı Arçelik Lüleburgaz servisinden aranarak servisin gelemeyeceğini öğrendim. Neden diye sorduğumda müşteri hizmetlerini arayıp servis kaydı açtığımı ve köy servis ekiplerine yönlendirildiğim için yetişmeyeceğini söyledi. Bende neden köy servisine yönlendirdiler dediğimde müşteri hizmetlerini neden aradığım buraya gelip kayıt bıraksaydınız denildi. Bende neden sizin ayağınıza geliyorum telefon varken dedim. Servisi kendi ayarlayacakmış neymiş aynı gelen yarım bırakan ekibe yönlendirecekmiş. Neyse bana Salı günü gönderirim dedi. Olmaz evde yokuz dedim pazartesi o zaman dedi. Bende bakım hanımefendi ben hafta içi çalışıyorum. Evde yokum bugün gönderin dedim (12.10.2024) maalesef olmaz dedi. Bende tamam pazartesi gelsinler ama 20dk önceden haber versinler dedim. Bu şekilde anlaştık. 14.10.3024 tarihinde servis aradı bende eve geçtim aspiratör takılacak eskisinin bir parçası hatalı takılmış ben bunu çıkaramam kırılır dedi. Bende kırmadan çıkar dedim çünkü satacağım onu dedim bu sefer döndü teknisyen ben buna ellemem kırılır zaten benim sorumluluğum değil ben sadece yenisini montaj için geldim bunu çıkaramam diye sesini yükseltmeye başladı. Zaten bende daha önceki müşteri hizmetlerine sinirliydim bende çıkar. Kır ne yaparsan yap benim aspiratörümü tak işe döneceğim dedim. Yok takmam yok çıkarmam öyle böyle derken biz bayağı kavga ettik adamla. Sonra bende sinirlendim ters takılan parçayı kendim parçalayarak çıkardım al sök ve tak şimdi dedim. Zar zor taktırdım aspiratörümü. Yani baştan beri Arçelik'ten aldığım hizmetten hiç memnun değilim. Bu arada 2 kişi servise geldi. Gelenlerden birinin hiç sesi çıkmadı Allah var gayet efendi biriydi ama montajı yapan maalesef insanlarla iç içe bir işte çalışmasın bence hele hizmet sektöründe hiç çalışmasın. Bir daha asla ve asla Arçelik'ten alışveriş yapmam. Ürünü mağazada satmakla maalesef hizmet bitmiyor. Asıl servis anlamında yeterli olmak gerekli servis hizmetiniz sıfır. Arçelik benim için bitmiştir.,14 Ekim 14:38,N/A
5,Sikayet Var,Meryem,https://www.sikayetvar.com/arcelik/sessiz-baslayan-camasir-makinesi-gurultuye-donustu-degisim-talebi,"Yaklaşık 20 gün önce Koçtaş online sitesinden Arçelik marka 9100 dmx çamaşır makinesi aldım. Makinem 17 gün çok sessiz çalışıyordu Sıkarken ve yıkarken aşırı sessiz olan makine 17. Günün ardından aşırı derecede ses çıkarmaya başladı. Servisi aradım, tekniker bu sesin normal olduğunu iddia ediyor. Kendisine aşırı çıkan sesin videosunu gösterdim, önce bunun bir arıza olduğunu söyledi, Daha sonra da çamaşır sesi olduğunu ve bunun normal karşılamam gerektiğini söyledi. Ben makinenin ilk 17 gün aşırı sessiz olduğunu söyleyince bunun mümkün olmadığını söyleyerek ses çıkarmaması arıza sebebidir dedi. Arçelik çamaşır makinesinin üzerinde sessiz çalışır ibaresi olduğu halde makine aşırı sesli çalışıyor. Değişim yapmıyorlar. Aşırı ses çıkaran bu makinenin arızalı olduğu alenen belli fakat arıza kesinlikle kabul edilmiyor. Üzerinde sessiz çalışır ibaresi olduğu halde makine inanılmaz ses çıkarıyor. Ürünün yenisiyle değişimini istiyorum. İlk 17 gün makinenin çalıştığını bile anlamıyordum o kadar sessizdi Ama şimdi oğlumu uykudan uyandıracak kadar ses çıkarmaya başladı. Değişim. İstiyorum.",14 Ekim 14:30,N/A
6,Sikayet Var,İbrahim,https://www.sikayetvar.com/arcelik/arcelik-buzdolabi-aliminda-yasanan-hayal-kirikligi,"İlk aldığım buzdolabı Arçelik'ti. Daha 2. yılında motoru arızalandı, yapıldı. 10. yılında tekrar motor bozulunca servis çağırdık, yaklaşık 10 bin lira hesap çıkarıldı. Yenisi almaya karar verdik ve yarı fiyatına başka marka tercih edebilecekken, bir öncekinden memnun olmamama rağmen Arçelik marka buzdolabı aldım. 30 Eylül'de alım yaptım, 2 gün sonra defolu denilebilecek, macunları çıkmış, çizik bir ürün geldi. Ayrıca teşhirde baktığımız üründe kapağında ilaç koyma kutusu varken, bize gelende o aparat yoktu. Servisi çağırdık, gelen ekip 'Önemli olan soğutması değil mi?' diye açıklama yaptı. Kabul etmedik, değişim sürecine girildi. Araya hafta sonu girdi, gelen ekip biriyle görüştü. Normalde değişim sürecinde eskisi kullanılıyormuş ve işgüzarlık yapıp ürünü kullanmamamızı söylediler. Yaklaşık 1 hafta buzdolapsız kaldık, sonra ellerinde aynı ürün olmadığından bize farklı ürün önerdiler. Uzun sürede buzdolapsız kaldığımızdan 'Getirin olsun' dedik. Yani bizim araştırdığımız ürünü değil de Arçelik'in istediği ürünü almış olduk, mağdur olduk. Genel alışverişten daha memnun ayrılacağımı düşünüyordum, artık kendimde bir tanıdığın alışverişinde de Arçelik hep ikinci tercih olacak.",14 Ekim 14:13,N/A
7,Sikayet Var,Nihal,https://www.sikayetvar.com/arcelik/derin-dondurucu-sorunu-eksik-bilgilendirme-ve-degisim-talebi,İyi günler. Yaklaşık bir yıl önce anneme derin dondurucu aldık. İlk başta gelen dondurucunun teşhir ürünü olduğunu fark ettik ve değiştirdik. Gelen ikinci ürün servis tarafından kuruldu. Kurulduğunda derin dondurucunun üç ışığı da yanıyormuş. Servis hiçbir bilgilendirme yapmadan gitmiş. Annem aynı dondurucuyu arkadaşında görmüş ve kırmızı ışığın yanmadığını fark etmiş. Hemen servisi aradık. Kartının değişmesi gerektiğini söylediler. Biz de ürünün tamamen değiştirilmesini talep ettik. 6 ayı geçtiği için talebimiz reddedildi. Servisin işini tam yapmamış ve müşteriyi ürün hakkında bilgilendirmemiş. En kısa zamanda ürünün değiştirilmesini istiyoruz.,14 Ekim 14:05,N/A
8,Sikayet Var,Musa,https://www.sikayetvar.com/arcelik/arcelik-beyaz-esya-teslimatinda-sorun-ve-dugun-oncesi-stres,Kocaeli 41 AVM Arçelik Mağazasından 4 parça beyaz eşya satın aldım ve Buzdolabı evimize darbeli şekilde teslim edilmiş. Kurulum ekibinin ardından bir süre sonra evime gittim ve buzdolabının içerisinde ki raf bantlarını sökmek içerisini temizlemek istedim. Makinenin yan tarafını incelediğimde bir seri numarası etiketi olduğunu ve etiketin altında 4 adet göçük olduğunu fark ettim ve etiketi hemen söktüm. Satın aldığım mağazayı aradım fotoğraf video iletmemi istediler ilettim ve haklı olduğumuzu değişim isteyeceğimizi söylediler. Servis randevusu aldım servis gelip baktı evet doğru değişim isteniyor denildi ve o şekilde gittiler. 20 Eylülde oluşturduğum talebim için hala bir dönüş alamıyorum. Sürekli Arçelik müşteri hizmetleri ni aramaktan yoruldum. Düğünüm çok yakın zamanda olacak Arçelik markası yüzünden düğünümü ertelemek istemiyorum nişanlımın ailesine mahcup durumdayım. Arçelik bölge onayı bekleniyormuş. 7-10 Gün arası sürer dediler fakat hala bir cevap alamıyorum. Lütfen 4 parça ürünü de iade alın en azından farklı bir markadan satın alım sağlayayım. Düğünüm yaklaştı her şeyim hazır olsun diye 1 ay önceden satın almama rağmen yine geç kaldım. Umarım şikayet bir yere ulaşır. 4 parça ürünümü de garanti uzatma satın aldım sorun çıkmaması için yinede nafile... Ürünü satın aldıktan sonra da 2000 TL indirim gelmiş ürüne,14 Ekim 14:05,N/A
9,Sikayet Var,Serkan,https://www.sikayetvar.com/arcelik/arcelik-bulasik-makinesi-paslanmazlik-garantisi-sorunlari,5 yıl önce Arçelik piyano serisi bulaşık makinesi aldım. Makinenin sepetinde ve tuz doldurma haznesinin kenarında küflenme oluştu. Servise aradığımda ise arkadaşların geleceğini ve garanti si bittiği teknik servis ücreti alacaklarını söylediler. Bu aletlerin 10 yıl paslanmazlık garantisi var diye biliyorum. Ürünün arkasında duracaklarına daha çok nasıl kazanç sağlarız diye düşünüyorlar.,14 Ekim 13:50,N/A
10,Sikayet Var,İrem,https://www.sikayetvar.com/arcelik/kopuksuz-kahve-hayal-kirikligi,Arçelik Telve 9961 kahve makinesini çeyizim için almıştım. Kutusunu açalı 1 sene oldu ama çok nadir kullanıldı. En başından beri köpüğü az geliyordu ama son zamanlarda hepten azaldı. Acil çözüm istiyorum. Sonuçta bu kadar övülen kahve makinesi bu hizmeti vermemeli!,14 Ekim 12:41,N/A
11,Sikayet Var,Ayfer,https://www.sikayetvar.com/arcelik/arcelik-buzdolabi-degisim-surecinde-gecikme-sorunu,"Merhaba, Arçelik firmasından buzdolabı siparişi verdim. Buzdolabını kısa süre içinde servis getirdi. Çalışanlar, paketi daire girişinde ambalajını açıp koridorda incelememizi, herhangi bir sıkıntı yoksa yerine yerleştireceklerini söylediler. Dolabın sağ tarafında ufak, hafif bir vuruk olduğunu söyledik. Ürünü getiren arkadaş, çalışmasına herhangi bir sıkıntı yaratmayacağını, isterseniz ek garanti belgesi hediye edebileceklerini söylediler. Biz istemediğimizi, ürünün yenisini talep ettiğimizi belirttik. 2 veya 3 gün içinde yenisinin geleceğini, eskisini alacaklarını belirttiler. İstanbul dışına çıkacağımı, sürecin hızlandırılmasını rica ettim. 3 gün geçip gelmeyince müşteri hizmetleri ni arayıp bilgi verdim. Bugün (14.10.2024) Arçelik'ten bana dönüş yapıldı. 15.10.2024 tarihine randevu oluşturmak istediklerini, arkadaşların gelip görselleri ile bir tutanak tutmaları gerektiğini, sürecin bu şekilde ilerlediğini belirttiler. Anlamadığım, Arçelik gibi kaliteli bir markanın, yıllardır hatta çocukluğumdan bu yana alışveriş yaptığımız bir firmanın bu kadar basit çözümü hızlı bir şekilde yapması gerekirken bu sürenin neden bu kadar uzadığı, ayrıca ertelenen yolculuğum, işlerimin aksaması vs.",14 Ekim 13:34,N/A
12,Sikayet Var,Hülya,https://www.sikayetvar.com/arcelik/yeni-alinan-camasir-makinesi-sorunlari,Arçelik 10129m çamaşır makinesini alalı iki hafta oldu. Kıyafetleri tozlu çıkarıyor ve yeni aldığım kıyafetim tüylendi. Değişim veya iade talep ediyorum. Lütfen mağduriyetimi gidermenizi rica ediyorum. Ayrıca çok pis koku bırakıyor. Asla deterjan kokusu vermiyor.,14 Ekim 13:19,N/A
13,Sikayet Var,Emre,https://www.sikayetvar.com/arcelik/arcelik-bulasik-makinesi-sorunlari-bitmiyor,N/A,14 Ekim 16:15,N/A
14,Sikayet Var,Oğuzhan,https://www.sikayetvar.com/arcelik/arcelik-bulasik-makinesi-sorunu-cozum-bekleyen-musteri-sikayeti,"11 ay önce aldığım Arçelik marka 6144A model bulaşık makinem yaklaşık 6-7 ay sonra su kaçırmaya başladı. Servis birkaç defa gelip sorun olmadığını söyledi. Daha sonra sorunum artarak devam etti. Bulaşık makinesinin kazanının delik olduğunu söylediler. Neden olduğunu sordum, topraklamadandır dediler ( fabrika hatasıymış), evet gülmeyin, topraklamadan olduğunu söylediler. Alıp garanti den değiştireceklerini söylediler. Bu arada profesyonel bir elektrik firması tarafından ünlü markalar kullanılarak iki yıl önce sıfır elektrik tesisatımız yapıldı. Neyse, ürünü götürdüler, tam 20 gün oyaladılar. Gelmiş gibi gösterdiler. Randevu saatlerini ve tarihlerini değiştirdiler. Özetle tamir edip geri bıraktılar. Geldikten bir hafta sonra aynı şikayetim daha da artarak devam etti. Bulaşıkları da kirli çıkartmaya başladı. Tekrar servis çağırdım, tekrar bir problem olmadığını söylediler. Kullanıldığı yere su bastı, makineden kaynaklı tekrar servis çağırdım, bu sefer alıp makineyi servise götürdüler. Üç gün sonra tamir edildiğini söylediler. Peki makinenin neyi varmış dedim, hiçbir şey yokmuş dediler. Hiçbir şey olmayan makinenin fotoğraflarını aşağıya ekliyorum. İlk arızasında değişim talep etmiştim, tabii ki adam yerine koyup dönmediler. Kimse telefon dahi etmeyip getirip ayıplı malı taktılar. İnanılmaz pişmanım, 1 aydır bulaşık makinesi kullanamıyorum. Bu arada Arçelik'in kendisine şikayette bulunduğumda, siz bu sefer şikayet etmeyin, kayıt açmayalım, çözülmezse bizi arayın diye sürekli oyaladılar. Tekrar aradım, tekrar ilgilenmediler. Kimsenin birbirinden haberi yok, aynı servis gün içinde beni arıyor, ürünün hazırdır diyor, sabah aradınız kabul etmiyorum, diyorum siz miydiniz diyorlar. Sonuç: Bulaşık makinesi hala yok.",14 Ekim 13:04,N/A
15,Sikayet Var,Seyfeddin,https://www.sikayetvar.com/arcelik/arcelik-firin-surekli-arizalaniyor-ve-musteri-hizmetleri-yetersiz,"Arçelik marka 8541 sf dg Modifikasyonlu beyaz 4G Gaz + Wok Fırın Satın aldık. Aldığımız günden bu yana sürekli arıza vermektedir. Yan panelleri paslanma yaptı. Değişim yapıldı. Sonra gaz düğmeleri arıza verdi. Onarım yapıldı. Ocaklar kendiliğinde sürekli sönüyordu onarım yapıldı ve sorun giderilemedi. Fırın ön kapak değişimi yapıldı. Alt çekmece değişti, en son fırının üst ocak kısmı arızalı olduğundan tamir için fırını servise götürdüler. Bu süreç boyunca fırının ilk günden bu yana arızalı olduğunu kanun gereği (Garanti süresi içerisinde aynı arızayı iki kez, farklı arızaları dört kez yapan cihaz ücretsiz değiştirilir.) servis ve bayi i'nin oyalaması gidin Tüketici Hakları'na başvurun bizim yapacağımız bir şey yok deyip bir mağduriyet içine sokmaları, özelikle yetkili servis teki bayanın annemle tehdit vari konuşmaları da söz konusudur. Daha öncesinde Arçelik merkez müşteri hizmetleri ne şikayet bırakmış olmakla birlikte hiçbir şekilde bir geri dönüş ilgi müşteri memnuniyeti sağlanmamıştır. Durumun ivedilikle çözülmesi, en başından beri arızalı olan fırının yeni fırınla değimini talep ederim.",14 Ekim 12:56,N/A
16,Sikayet Var,İrem,https://www.sikayetvar.com/arcelik/kopuksuz-kahve-hayal-kirikligi,Arçelik Telve 9961 kahve makinesini çeyizim için almıştım. Kutusunu açalı 1 sene oldu ama çok nadir kullanıldı. En başından beri köpüğü az geliyordu ama son zamanlarda hepten azaldı. Acil çözüm istiyorum. Sonuçta bu kadar övülen kahve makinesi bu hizmeti vermemeli!,14 Ekim 12:41,N/A
17,Sikayet Var,Mert,https://www.sikayetvar.com/arcelik/dugun-oncesi-teslimat-sorunu-arcelikten-beklenmeyen-gecikme,"Merhaba, Mart ayında C****** Arçelik'ten aldığım eşyaların teslimini 14 Ekimde teslim edilmesi hususunda 10 gün önceden haber verdim. Fakat bugün aradığımda ürünlerin teslim edilemeyeceğini 3 4 gün beklenmesi gerekliliği iletilmiştir. Düğünüm olması sebebiyle konu acildir
Tel 0538*****57
Mert İ****",14 Ekim 12:41,N/A
18,Sikayet Var,Ersin,https://www.sikayetvar.com/arcelik/arcelik-cam-ocak-patlamasi-ve-yetersiz-servis-hizmeti,"Arçelik marka cam ocağım cumartesi günü yemek pişirirken patladı, camlar her yere dağıldı ve ayağımızı kesti. Servisi aradım, en yakın pazartesi saat 10-12 arası geleceklerini söylediler. Saat 12 oldu, servis arıyor ve fotoğraf atmamı istiyor. 'Benim oraya kadar gelmeme gerek yok' diyor. Fotoğrafları attım, sonrasında mesaj geldi: 'Değerli müşterimiz, teknisyenimiz adresinizde işe başlamıştır' diye. Bu ocak camı patlamasının garanti ye girmediğini ve 4 bin tl cam değerinin olduğunu belirttiler. Arçelik yetkililerinin hiçbir şey umurlarında değil. Bir önceki ocağımızda da yangın çıkmıştı, o da umurlarında olmadı.",14 Ekim 12:40,N/A
19,Sikayet Var,Berfin,https://www.sikayetvar.com/arcelik/arcelik-buzdolabi-sorunu-cozum-bekleyen-musteri,"Aydın/Didim Arçelik bayisinden buzdolabı ve bulaşık makinesi aldık. Buzdolabını eve getirdiklerinde, 'Bu kapı küçük, buradan geçmez. Kendinize küçük buzdolabı seçin,' dediler ve buzdolabını merdiven demirine çarptılar. Şimdi de buzdolabı ünlem işareti gösterip hata veriyor. Servisi aradık, yönlendirdikleri gibi yaptık ama dolap düzelmedi. Tekrar aradık, servisçileri yönlendirdiler. Servisçiler geldiğinde dolabın buzluk tarafını komple söküp, 'Fan motoru arızalı, parça sipariş vereceğiz,' dediler ve siparişi verdiler. Ben de değişim talebinde bulundum. Bu talepte bulunduğum için servisçi geldiğinde parçayı takmadan gitti. İstanbul Arçelik bölgesi buzdolabı değişimine onay vermiş fakat İzmir Arçelik bölgesi değişime onay vermeyip tamir edilsin demiş. Madem tamir edilecek, bu ürün evimizde takılsın. Bu motor, servisçi bir daha eve geldiğinde fan motoru arızalı olmayabilir. Gaz basacağız, o yüzden fabrika ya gidecek dediler. Bu dolabın fan motoru mu bozuk, gaz mı basacaksınız? Daha sorunun ne olduğunu bulamıyorsunuz. Bu dolabı götürüp ne yapacaksınız? Yaklaşık 15 gündür dolap bozuk şekilde çalışıyor. Gelen servisçiler azarlayıp gidiyorlar. Telefonda arayıp azarlıyorlar. Sanırsın babasının hayrına yapıyorlar. Kendi paramızla rezil olduk. Arçelik'ten ürün aldığım için çok pişmanım, insanı rezil ediyor. Yetkili sorumlu kişilerin bu problemi çözmelerini rica ediyorum.",14 Ekim 12:17,N/A
20,Sikayet Var,Ata,https://www.sikayetvar.com/arcelik/kendiliginden-kirilan-cam-ocak-ve-ucretli-degisim-sorunu,"Arçelik ov 643T kodlu ve garanti si devam eden cam ocağımız yemek yaptıktan sonra kendiliğinden kırıldı. Olay anında etrafa dağılan küçük cam parçaları vücudumuza denk gelse belki de canımıza mal olacaktı. Olayın ardından Arçelik'i aradım, teknik servis geldi. Fotoğraf çekip sisteme yükledi. Bugün yetkili servis ten arandım. Kullanıcı hatası olduğunu söyleyerek ücretli değişim yapılacağını söylediler. Ücretli değişimi kesinlikle kabul etmiyor, eğer sorunum çözülmez ise Tüketici Hakları Mahkemesine başvuracağım.",14 Ekim 12:16,N/A
21,Sikayet Var,Hüseyin,https://www.sikayetvar.com/arcelik/arcelik-kurutma-makinesi-carsaf-kurutmuyor-musteri-hizmetleri-hayal-kirikligi,"Yaklaşık 2 ay önce Arçelik 920kmv kurutma makinesi satın aldım.
Kurutma makinesi çamaşır kurutmada sıkıntı çıkarmıyor gayet güzel iş görüyor fakat konu çarşaf ve nevresimlere gelince sıkıntı çıkarıyor.
Çarşafları iç içe dolayıp kundak gibi yapıyor. Birbirine sardığı için içte kalan kısımları kurutmuyor ve çok fazla karıştırıyor.
Servis randevusu oluşturdum servisten gelen elemanlar sorunun olduğunu kabul etmekle birlikte yapabileceklerini bir şey olmadığını belirttiler. Beni servis müdürü Ş**** bey ile görüşmemi belirttiler. Ş**** bey bana yardımcı olmak yerine 
Bu makinenin çarşaf kurutmaya uygun olmadığı belirti. Ben şok oldum. 
Hiçbir yerde çarşaf kurutmaya uygun olmadığına dair bilginin olmadığını söyleyince beni Tüketici Hakem Heyeti'ne gitmem gerektiğini söyledi.
Bir servis müdürü nasıl olur da yardımcı olmak yerine beni Hakem Heyeti'ne yönlendirir anlamakta zorlanıyorum.
Arçelik gibi kurumsal bir firma nasıl böyle yönetilir anlamakta zorlanıyorum.
Herkes sorunun olduğunu kabul ediyor fakat bana yardımcı olmuyor.",14 Ekim 12:08,N/A
22,Sikayet Var,Işınsu,https://www.sikayetvar.com/arcelik/arcelik-kahve-makinesi-garanti-ve-servis-sorunlari,"13.05.2023 tarihinde Forum Bornova Arçelik'ten kahve makinesi almıştım. Çeyiz olarak aldım, evlilik cüzdanı ile garantisi başlayacak denildiği için satın aldığım bu ürünün sadece garanti belgesine sahibim. 1,5 ay önce evlendim ve makineyi kullanmaya başladık. Hiçbir zorlama vb. Olmadan cezvesinin sapının durduğu yerde kendini attığını düştüğünü fark ettik. Aynı zamanda bu kadar kısa sürede temiz kullanmamıza rağmen cezvenin iç kısmında kararmalar mevcut. Arçelik'i aradım fatura istediler mağazayı arıyorum açmıyor Arçelik'e ilettim fatura için defalarca aldığım yeri aradım açmadı bununla ilgili dönüş yapacaklarını söylediler 3 haftadır dönüş yapan yok. Arçelik'e ait olduğu ve garanti belgesi kesin olan ürün için faturayla servis yollayacak olmaları da ayrı mağduriyet sebebi. Ben bu ürünü sık kullanmadığım halde bu kadar kısa sürede bu hale geliyorsa çok yazık. Faturama ulaşamamak da çok yazık. Mağduriyetimin giderilmesini talep ediyorum",14 Ekim 11:12,N/A
23,Sikayet Var,Erdoğan,https://www.sikayetvar.com/arcelik/arizali-urunun-parca-temin-sorunu,Malatya Arçelik mimarsinan yetkili servis arızalı yumurta haşlama makinesi ürünümün arızalı olan parçasını temin edemediğini belirtip parçasını temin edemediğinden dolayı ürünü yapamıyoruz deyip tekrar bana teslim ettiler. Ürünün yapılması için ne yapabilirim ya da nasıl bir yol izleyebilirim?,14 Ekim 11:06,N/A
24,Sikayet Var,Şule,https://www.sikayetvar.com/arcelik/garanti-kapsamindaki-cayci-icin-haksiz-ucret-talebi,Arçelik Balıkesir Edremit Körfez Teknik Servis garanti kapsamında olan ve el tutamağında sorun yaşanan çaycı için müşteri hatası diyerek 2000 TL talep etti. Tutamak nasıl müşteri hatası olabilir? Ayrıca aynı makine bugün kampanya lı olarak 1900 TL den satılıyor. Konuyu Arçelik'e de ilettim ama hala bir dönüş olmadı. Kurumsal olduğunu düşündüğümüz Firmalardan böyle bir davranışa maruz kalmak müşteri olarak çok can sıkıcı bir durum. Çözüm için destek bekliyorum. Şule,14 Ekim 10:58,N/A
25,Sikayet Var,Hülya,https://www.sikayetvar.com/arcelik/arcelik-2600w-sikayeti,Ben Hülya tıkan Arçelik kazanlı buharlı ütüyü Bakırköy İstanbul caddesindeki mağazadan aldım mağazanızda çalışan bütün elemanlarınıza çok teşekkürler ütü ilgili sorun olduğunda servisi onlar yönlendiriyor ütüyü 2 şubatta aldım aldım günden bu yanana sorunlu sürekli 2 buharda da en yüksek 2 buharda da sürekli su kaynatıyor çok sesi var ben ayakta çok duramadığım için ütülerimi dinlenerek ütü yapıyorum ütüyü kapatıyorum yapıyorum en az yarım saat geçmiş oluyor ütüyü açtığım aynı şikayetler devam ediyor servisten gelen arkadaşlar bunların hepsini anlattım ütünün değiştirilmesini istettim iki servise gitti geldi aynı şikayetler devam ediyor servisinizden şikayetçiyim şimdi ütünün değiştirmesini deği paramı geri iade rica ediyorum serviste çalışmalarınızda hiç iş yok kusura bakma Arçelik'in başka ürünlerini kullanıyorum onlardan şimdilik şikayetim yok ben Ataköy 3 kısım da oturuyorum beni İstanbul açarlar mağazanıza sorabilirsiniz oradan çok alışveriş yapmışımdır iyi bir müşterinizim.,14 Ekim 08:08,N/A
26,Sikayet Var,Saadet,https://www.sikayetvar.com/arcelik/kargo-hizmeti-eksikligiyle-yasanan-magduriyet,Arçelik'in kendi sitesinden kahve öğütücü aldım. Beni Konya Kamışçıoğlu Arçelik'ten aradılar ve ürünü gelip bu şubeden alabilir misiniz diye ısrar ettiler. Ben kendi imkanlarımla bu kahve öğütücüyü aldım fakat neden bize kargo yoluyla ulaşmıyor da bizi Arçelik bayisine kadar götürüp oradan aldırıyorsunuz? Zaten bayiden almayı bilsek gidip oradan alırız. Sizin gibi Arçelik markasına yakışmayan bir davranış oldu. Lütfen tekrar siparişimde aynı şey gerçekleşmesin. Biz bayiye gidip almayı bilsek oradan alırız.,14 Ekim 03:13,N/A
27,Sikayet Var,Ömer,https://www.sikayetvar.com/arcelik/arcelik-bulasik-makinesi-yazi-silinme-sorunu,21.02.2023 tarihinde Arçelik bulaşık makinesi aldım. 14.10.2024 tarihi itibariyle aldığım bulaşık makinesinin yazıları silinmeye başladı. Açıkçası benim için hayal kırıklığı oldu. Arçelik'in bu kadar kalitesiz bir ürün çıkacağını tahmin etmemiştim. Şimdi bununla ilgili Arçelik servisi ne yapacak merak ediyorum.,14 Ekim 01:25,N/A
28,Sikayet Var,Ahmet,https://www.sikayetvar.com/arcelik/arcelik-teknik-servis-sureci-iki-haftadir-cozum-yok,"30.09.2024 tarihinde Arçelik müşteri hizmetleri ni arayarak 10 ay önce aldığım kurutma makinemin arızalandığı bilgisini vererek talep oluşturdum. Randevu tarihinde gelen teknik servis elemanları arızanın 2 parça değişimi ile giderileceğini ve parçaların siparişini verip 3-4 gün sonra tamir için tekrar geleceklerini söylediler. Şayet yine olmazsa makineyi atölyeye alacağız dediler. 2 hafta oldu hala haber yok. Ürünüm arızalı bir şekilde evde olmasına rağmen sistemden baktığımda atölyede yazıyor, arayıp sorduğumda da ilgili yere haber verip size dönüş yapacağız dediler ama ne gelen var ne arayan. Koca kurumsal firma bu kadar kötü bir süreç yönetmemeli. Sorunum kısa süre içinde çözülmez ise Tüketici Hakem Heyeti'ne başvurmaya karar verdim. Umarım sesimi duyurabilirim. Saygılar...",14 Ekim 00:44,N/A
29,Sikayet Var,Nesli,https://www.sikayetvar.com/arcelik/camasir-makinesi-sorunlari-ve-degisim-sureci,"1 yıllık evliyim, çamaşır makinemin kazanında sorun varmış. Yeni makineye servis kazan değişimi yazdı, tamam dedik. Kazan değişimi olduktan sonra makine daha kötü oldu. Zar zor değişim talebimiz kabul gördü. Yeni bir makine aldık, üzerine para katarak 11140M. Değişim olalı 3 ay olmuştur. Belki makine çamaşır yırtıyor, tekrar servis çağırdık. Kazan değişimi yapılacak diyor. İyi de bu Arçelik üretimde bu makineleri denemiyor mu? Müşteri temsilcisi arıyor, kazan değişimi onaylandı, ben makine değişimi istiyorum. Bunun için de tüm yasal haklarımı kullanacağım Arçelik.",13 Ekim 23:56,N/A
30,Sikayet Var,Rıdvan,https://www.sikayetvar.com/arcelik/arcelik-buzdolabi-teslimatinda-darbe-ve-yuksek-ses-sorunu,"Arçelik'ten evlenirken bir buzdolabı aldık. Buzdolabı geldi fakat her iki kapısında da yetkili servis yerleştirince darbe mevcuttu. Ve çalışınca motor yüksek ses çıkarıyor. Bildiğin helikopter sesi. Fotoğrafını çekti fakat herhangi bir işlem yapmadı. Defalarca Arçelik'i aradık servis geldi. Tamam sorun sizden değil dedi. Garanti yi artıralım dedi ama istemedik. Sonuçta küçük Mevla ödemedik değişim istedik. Gittikten sonra kaydı boş kapattılar. Tekrar tekrar aradık, tekrar randevu oluşturduk ama gelmeden geldik denildi. Sonra yetkili servis geldi. Bu sefer de kullanıcı hatası dendi fakat teslimatta servisin çektiği fotoğraf duruyor. Böyle bir müşteri memnuniyeti olamaz. Bu durumun derhal çözülmesini istiyorum. Aksi takdirde bunu Tüketici Hakem Heyeti'ne kadar götüreceğim kimse bu parayı kolay kazanmıyor ayıptır",13 Ekim 23:31,N/A
31,Sikayet Var,Serhat,https://www.sikayetvar.com/arcelik/arcelik-buzdolabinda-gaz-sorunu-ve-degisim-talebi,"Merhaba, Arçelik'ten aldığım 278552 Eİ model buzdolabında 2 ay sonra gaz sorunundan kaynaklı soğutmama sorunu çıktı. Ben de yeni dolap talep ettim ama gaz başlığını değiştirip tamir edip geri gönderiyorlar. Yeni alınan bir dolabı kullanmadan tamir görmüş bir dolabı neden kabul edeyim? Arçelik'ten beklentim, ürünlerinin arkasında durup buzdolabımı değiştirmeleridir.",13 Ekim 21:43,N/A
32,Sikayet Var,Nur,https://www.sikayetvar.com/arcelik/arcelik-tvde-uygulama-yukleme-sorunu,Merhaba Arçelik marka TV aldım alırken internet özellikli olmasına dikkat ettim. Fakat televizyona uygulama yükleyemiyorum güncelleme yapamıyorum. En son güncellemeyi servisten gelip yapmışlardı. Nasıl uygulama yükleyeceğim televizyona yardımcı olun lütfen televizyonu internetten güncelleyemiyorum flash bellek e nasıl atacağım güncellemeyi televizyona uygulama ekleme sorunuma yardım edin lütfen,13 Ekim 21:43,N/A
33,Sikayet Var,Birsen,https://www.sikayetvar.com/arcelik/arcelik-6167-ile-hayal-kirikligi-degisim-de-cozum-olmadi,"Arçelik 6167 i bulaşık makinesi ile ilgili şikayetim olmuştu. Uzun süre uğraştım, sonuç alamayınca Hakem Heyeti'ne başvurdum. Aradan 6 ay geçtikten sonra değişim kararı çıktı. Makinem aynı model ile değiştirildi fakat gelen makinenin giden makineden hiçbir farkı yok; aynı ses yine var ve hiç temiz yıkamıyor. Eski eşyalarımı Arçelik'ten almıştım, 25 yıl önceki makinem hala kullanıyorum. Çok memnun olduğum için yine Arçelik aldım ama bu sefer çok pişmanım. Arçelik bence bu modelin üretimini durdurmalı çünkü ciddi anlamda sorunlu bir makine.",13 Ekim 20:44,N/A
34,Sikayet Var,Alparslan,https://www.sikayetvar.com/arcelik/arcelik-beyaz-esya-teslimatinda-gecikme,"Arçelik'ten 3 adet beyaz eşya dış teslimatlı ürün alındı. 28.09.24 tarihinde adresime kurulum için talepte bulunuldu.
16 gün geçmesine rağmen ürünler halen kargoya dahi verilmedi. Ürünler gelecek, servis getirip kurulum yapacak derken süreç bir ayı geçiyor. Şimdilik görülen öyle. Müşteri hizmetleri ne konuyu aktardığımda ise ürünler bu hafta kargoya verilecek cevabı almıştım ve hafta geçti. Halen kargoya verilmedi bile. Kargo ücretini bizzat kendim vermeme rağmen ürünler halen tarafıma aktarılmıyor. Sizin araç toplu gönderim yapıp kâr edeceğiniz zamanı bekleyemeyiz. Beyaz eşyalar hayatın akışı için ihtiyaç duyulan ürünler, lakin 16 gün de kargoya verilmiyor. Servis süreci ile ayları bulacak bu süreç, yasal sürecin sonuna gelmiş bulunmaktasınız. Ürünler tarafıma aktarılmaz ise Tüketici Hakem Heyeti'ne başvuruda bulunulacaktır.",13 Ekim 19:46,N/A
35,Sikayet Var,Fatma,https://www.sikayetvar.com/arcelik/iptal-edilen-siparisin-iadesi-yapilmadi,"Gratis siparişimi 1-2 gün önce iptal ettim, kargom gelmedi ği için ama hâlâ param iade edilmedi. 2-3 iş gününde iade edilecek yazıyor ama hâlâ yok, bekliyorum. Sanırım paramın iade edilmesi için de 1-2 hafta daha bekleyeceğim, siparişimin gelmesini beklediğim gibi. Lütfen bu sorunu çözün, param da en kısa sürede iade edilir umarım.",02 Ekim 16:08,N/A
36,Sikayet Var,Fulya,https://www.sikayetvar.com/arcelik/yeni-aldigim-bulasik-makinesi-calismiyor,"Arçelik'ten yeni aldığım ve dün kurulumu gerçekleştirilen bulaşık makinem çalışmıyor, su almıyor. Bunun için servis istediğimde, en yakın 48 saat sonra gelebileceklerini söylüyorlar. Şaka gibi bir durum; dün aldığım ürün bugün çalışmıyor ve ben servisi kurulumdan 72 saat sonra ancak, eğer müsaitse, getirebiliyorum. İki gün boyunca elimde bulaşık mı yıkayacağım dediğimde, 'Sizi anlıyorum ama yapabileceğim bir şey yok,' deyip beni geçiştiriyorlar.",13 Ekim 19:02,N/A
37,Sikayet Var,Tijen,https://www.sikayetvar.com/arcelik/arcelik-utu-sorunu-su-akitan-kazan-ve-yetersiz-servis-hizmeti,Arçelik'ten 20.08.2023 tarihinde aria master bku 9928 kazanlı ütü aldım. Aldığım günden bu yana kazan su akıtıyor. Devamlı kayıt açıyorum ilk kayıtta hiçbir şeyi yok dediler. Bakmadan geri yolladılar. Usta ile konuşamıyoruz. Aktarım yapmıyorlar. Eve gelip götüren servis elemanının hiçbir bilgisi yok 2. Defa getirdiklerinde sorun giderildi dediler. Cenazem dolayısıyla bugün denemeye kalktım ve tüm evim ütü masam su içinde battı daha da bozmuşlar gürültü bir şekilde suyun tamamını kazan aşağı akıtıyor. Acilen ütümün yenilenmesini ya da ürün iade bedelini talep ediyorum. Sürekli komşudan ütü alıp ütü yapabiliyorum. Mağduriyetimin ve hasarımın giderilmesini talep ediyorum.,13 Ekim 18:12,N/A
38,Sikayet Var,Aylin,https://www.sikayetvar.com/arcelik/arcelik-buzdolabinda-gurultu-sorunu-ve-ilgisizlik,"Eylül 2024'te Arçelik marka buzdolabı aldım. Kurulumdan sonra dolabı çalıştırdığımda inanılmaz sesli çalıştığını fark ettim. Yani mutfak kapısını kapatmadan uyumak mümkün değil. Sonrasında iki defa servise başvurdum, gelen teknisyen tutturmuş değişken devirli kompresör diye. Hayır, yeni nesil bir buzdolabı bu kadar sesli çalışamaz. Tüm firmalar desibelini düşürürken, siz mi yükseltiyorsunuz yoksa bizi yanıltıyor musunuz? Çağrı merkezi ni defalarca aradım, beni bölge teknisyeni iz arasın diye, ancak hala kimse aramadı. Bu kadar umursamazlık yeter. Buradan başladım. Şikayetlerime ve devamı gelecek.",13 Ekim 17:52,N/A
39,Sikayet Var,Mustafa,https://www.sikayetvar.com/arcelik/buzdolabindaki-surekli-buzlanma-sorunu-ve-yetersiz-servis-hizmeti,"Merhaba Benim 3 yıllık buzdolabımda 8 aydır devam eden karlanma ve buzlanma problemleri çözülememektedir. Bu konu ile ilgili daha önce 3 kere servis kaydı oluşturdum. Servis her geldiğinde buzdolabının fişini çekip ertesi gün buz eridikten sonra müdahale etti. Hiçbir parça değişimi olmadı ve bu süre zarfında benim yiyeceklerim bozuldu. Ben de arızanın devam etmesinden ve sorunun çözülmemesinden, hatta müşteri hizmetleri ni defalarca aramama rağmen hiçbir çözüm olmadığı için buzdolabının değişimini talep ettim. Benim değişim istemem üzerine teknik servis tekrar geldi. Kapak değişimi yapacağını söyledi. Ben de bunu kabul etmedim. Çünkü 3 yıllık buzdolabını 8 ay boyunca sağlıklı kullanamadım. Yiyeceklerim bozuldu, 3 kere servis geldi. Kapak değişimi olacaksa neden ben değişim istemeden önce yapılmadı? Problem devam etmektedir.",13 Ekim 17:13,N/A
40,Sikayet Var,Aşkın,https://www.sikayetvar.com/arcelik/arcelik-buzdolabinin-yuksek-ses-sorunu-ve-cozum-arayisi,"2022 yılında çeyiz için Arçelik marka çamaşır makinesi, bulaşık makinesi ve buzdolabı aldım. 2024 yılında ise evlendim, çeyiz eşyalarımın kurulumu Arçelik aracılığı ile yapıldı. Buzdolabı çalıştığı andan itibaren yüksek sesli çalışıyor. Bu konu ile ilgili Arçelik'ten teknik servis talep ettim. Geldiler. Bana bu sesin normal olduğunu söylediler. Özel bir servis yetkilisi arkadaşa video çekip gönderdiğim anda ise arka kısmın buz yaptığını ve pervanenin sürttüğünü bu nedenle ses yaptığını söyledi. Bunu Arçelik çalışanlarına ilettiğimde ise öyle bir şey olmadığını söylediler.
Geceleri uyutmayan, gündüz dikkati dağıtan bir ses ile karşı karşıyayım. Ürün 270561 eb modelidir. Gerçekten bu normal midir? Normal ise bu marka buzdolabını almamanız için en büyük sebep sesli çalışıyor olmasıdır",13 Ekim 17:13,N/A
41,Sikayet Var,Azmi,https://www.sikayetvar.com/arcelik/arcelik-buzdolabi-pervane-sorunu,Arçelik 2474 model Buzdolabı normal çalışırken kendiliğinden arka kafesli bölümdeki pervane kanadı kırılmış ve kanat parçası yere düşmüş. Tamamen fabrikasyon teknik bir sorun olduğu halde Yetkili servis parça ücreti hariç ekstra 500TL kontrol ücreti alacağı bildirildi. Bu sorunun garanti kapsamında olup olmadığına bakılmadan ücretsiz bir şekilde sorunun giderilmesini bekliyorum.,13 Ekim 16:01,N/A
42,Sikayet Var,Yavuz,https://www.sikayetvar.com/arcelik/arcelik-buzdolabi-sorunlari-ve-musteri-memnuniyeti,"Merhaba, Arçelik buzdolabımı 5 sene önce bayiden aldım ve yaklaşık 1 senedir ısıtıcı problemi (buzlanma yapması) sorunları ile uğraşıyorum. Defalarca yetkili servis çağrılmasına ve her servis için ücret ve parça değişiminin tarafımızca karşılanmasına rağmen sorun giderilememiştir.
En son gelen servis yetkilisi arızanın ana soğutucu (ana gövde içindeki ısıtma yeri) kaynaklı olduğunu belirtmiş. Bu sorunu anlamak için de buzdolabını iç üniteden delmiştir.
İlgili sorunun kullanıcı hatası kaynaklı olmadığını ve son zamanlarda bu şekilde arızaların sıklaştığını belirtmiştir.
Geldiğimiz nokta itibariyle Arçelik, bize aynı fiyat ve özelliklere yakın bir buzdolabını belli bir iskonto ile satmak istemekte, yani sıfır ürün ile buzdolabını ücret karşılığı değiştirmek istemektedir.
Arçelik firması, kullanıcı hatası kaynaklı olmayan arızalar için neden ürününün arkasında durmamakta ve tamamen ürün satışına endeksli bir satış politikası izlemektedir?
Evimde baştan aşağıya yerli olduğu için Arçelik ürünleri kullanan bir tüketici olarak bu problem firmaya olan güvenimi sarsmıştır.
Sonuç itibariyle, uluslararası bilinirliği ve güvenirliği ile yıllardır ülkemizin önde gelen lokomotif firmalarından Arçelik'in, bu tür problemleri tüketiciye yansıtmadan ürününün arkasında durarak gidermesi gerektiğini düşünüyorum. İlgili sorunumun ivedi çözüme ulaştırılması ve değişimin de tüketici memnuniyeti sağlanması adına Arçelik firması tarafından gerçekleştirilmesi hususunu önemle tarafınıza sunarım. Saygılarımla",13 Ekim 15:09,N/A
43,Sikayet Var,Uğur,https://www.sikayetvar.com/arcelik/paslanan-camasir-makinesi-ve-beklenmedik-servis-ucreti,"Arçelik marka aldığım çamaşır makinesi paslanıp boyası attı ve bunun için aldığım bayiye sordum. O da bana teknik servis kaydı açtı. Arkasından benden randevu alındı ve bunun için bana ne bayi ne de arayan servis ücret var denildi. Sonrasında gelen servis hiçbir işlem yapmadan benden 500 TL ücret alıp gitti. Ben böyle bir sistem görmedim. Bilgi verilseydi, makinemde arıza olmadığı halde sadece paslanmaya baktıkları için ücret aldılar. Pazartesi günü Tüketici Hakem Heyeti'ne başvurumu yapacağım, ses ve konuşma kayıtlarının incelenmesini talep edeceğim. Bana kimse ücret alınacak denilmedi.",13 Ekim 13:38,N/A
44,Sikayet Var,Serhat,https://www.sikayetvar.com/arcelik/arcelik-s-4250-supurge-icin-yedek-parca-sikintisi,Arçelik s 4250 hortum takımını bulamıyorum. Neden yedek parça üretilmiyor? Süpürge gayet iyi ama parça yok. Şimdi bunu çöpe mi atalım? İsraf değil mi? Servisler de pek umursamıyorlar. Arçelik'ten olumlu bir dönüş bekliyorum. Gayet sağlam bir ürün ama sonuç bu. Saygılar.,13 Ekim 13:25,N/A
45,Sikayet Var,Adil,https://www.sikayetvar.com/arcelik/arcelik-supurge-kullanimi-sonrasi-kirlenme-sorunu,Arçelik kablosuz dik süpürge aldım. Her kullanımda içini temizlememe rağmen kapattığım an içindekiler dökülüyor. Daha beter kirleniyor ortalık. Ucuz bir ürün de değil. Ziyan oldu. Verdiğim para. Araştırınca gördüm ki bu sorunu yaşayan başka Arçelik kullanıcıları da var...,13 Ekim 12:01,N/A
46,Sikayet Var,Yunus,https://www.sikayetvar.com/arcelik/magazada-karsilasilan-ilgisizlik,"Müşteri olarak girdiğimiz Ankamall satış mağazasında o kadar kötü karşılandık ki bir kovulmadığımız kaldı. Ben ve eşim şoklar içinde kaldık. Hayatımda böyle ilgisizlik, böyle tavır görmedim. Güzel bir marka olan Arçelik’i böyle insanların temsil etmesi çok üzücü.",13 Ekim 11:49,N/A
47,Sikayet Var,Emel,https://www.sikayetvar.com/arcelik/arcelik-servis-hizmetinde-yetersizlik-ve-magduriyet,"Merhaba Arçelik marka buzdolabımız bozuldu, servisi çağırdık, geldi. Servise götürdü, tamir için garanti süresi dolduğu için 9200 TL ödeme yaptık. Servisten kendi araçları ile getirdiklerinde buzdolabının gazı olmadığı için çalışmadı. Geri götürmeyeceklerini, ertesi gün gelip yapacaklarını ilettiler. 1 haftadır gelip bakmadılar.",13 Ekim 11:35,N/A
48,Sikayet Var,Musa,https://www.sikayetvar.com/arcelik/arcelik-kahve-makinesi-kacak-akim-sorunu,Arçelik telve kahve makinem sürekli kaçak akım rolesi attırıyor. Alalı daha 7 ay oldu 1 aydır bu sorunu yaşıyorum. İnternette araştırdığımda bu konu hakkında bir çok şikayet gördüm. Hatanın firma kaynaklı olduğu aşikar fakat müşterilere çözüm sunulmamış. Benimde ümidim yok.,13 Ekim 11:23,N/A
49,Sikayet Var,Bubo,https://www.sikayetvar.com/arcelik/arcelik-camasir-makinesi-kiyafetleri-yirtiyor-degisim-talebi,"Yaklaşık olarak 3 yıl önce Arçelik marka Prosmart inverter 8103 yd marka çamaşır makinesi aldım, garanti si devam diyor. Ürün ile ilgili şikayetimiz sürekli kıyafetleri yırtıyor. Bununla ilgili yetkili servis i 6-7 kez geldi, kazan değiştirme, ısıtıcı pompası gibi birçok parçasını değiştirmesine rağmen makine yırtmaya devam ediyor. Kıyafet yıkamaya korkuyoruz. Bir makine parası değerinde kıyafet yırttı. Servis yetkililerine makine değişimi için talepte bulunmamıza rağmen hep sorun yok deyip dosyayı kapatıyorlar. Makinenin değişmesini talep ediyorum.",13 Ekim 10:18,N/A
50,Sikayet Var,Eminenur,https://www.sikayetvar.com/arcelik/yeni-camasir-makinesi-plastik-koku-sorunu,Yeni almış olduğum 15 günlük çamaşır makinesi koku yapıyor çamaşırlarıma plastik kokusu siniyor. Servis geldi. Baktı makine temizleyici ile temizlememi söyledi. 15 günlük makineyi! Yeni makineye temizleyici ne alaka yani hadi deneyeyim belki geçer dedim şikayet hala devam ediyor. Büyük pişmanlık yaşıyorum. 9100 dmx Arçelik,13 Ekim 04:50,N/A
51,Sikayet Var,Aysu,https://www.sikayetvar.com/arcelik/arcelik-camasir-makinesi-gurultu-ve-surekli-arizalarla-basim-dertte,Arçelik çamaşır makinem bir sene oldu 4 ayda bir servis çağırıyorum. En son kilidi bozulmuş kilidi değiştirildi. Kazan kapağa vuruyor ki kilidi değişiyor. Değil mi? Bunu bilmek için makine tamircisi olmama gerek olmadığı aşikar. Aldığım günden beri apartman ayağa kalkıyor sıkarken sanki makine ayaklanıp kapıdan dışarı çıkacak gibi sonucunu size de görsel olarak ekledim. Yeni aldığım t-shirt maaf olmuş durumda. Çözüm ne olacak? Tamam hadi giden bir t-shirt olsun diyemiyorum. Servis gelecek bunu yapacak iki ay sonra yine farklı bir sorun. Makine hatalı işte bunu artık kabul etmelisiniz ki ben de mağduriyetimden kurtulmalıyım. Sessiz diye sattığınız makinenin aldığım günden beri sesini siz de videoda görün. Merdaneli çamaşır makineleri bunun kadar ses çıkarmamıştır zamanında. Tuvaletin içinde resmen deprem oluyor. Bir sene içinde hangi makine için 4 kere servis gelmiştir? Gerçekten yeter artık çamaşır yıkarken kırk kere düşünüyorum. Bir şey olacak mı yine diye. Korkarak çamaşır yıkıyorum. Bir sürü para veriyoruz. Kokarak çamaşır yıkıyoruz. Rezil durumdayım. Servis desen 15 gün sonra geliyor. 15 günde çamaşırlar dağ gibi birikiyor. Çözüm istiyorum. Artık ve çözümünüzün değişim olmasını talep ediyorum. Destek beklerim.,13 Ekim 00:56,N/A
52,Sikayet Var,Tijen,https://www.sikayetvar.com/arcelik/arcelikten-almadigim-urun-icin-iade-sorunu,"7 Eylül 2024 tarihinde Pazarama üzerinden Arçelik MC 6251 Gurme Pişirici aldım ancak ürün hiçbir şekilde pişirmedi. Hemen Pazarama üzerinden iade girdim, ertesi gün kargoya verdim. O arada Asilev bayiden M****** Bey aradı ve kargodan ürünü geri almamı, evden elden alınacağını ve karta iade olacağını, hiçbir sorun çıkmayacağını, 1 ay içinde zaten hakkım olduğunu bildirdi. Hemen gidip kargoyu geri aldım. Sonrasında ürün alındı, 1 hafta sonra kapıya iade girmeme rağmen Arçelik Göztepe bayiden yeni ürün geldi. Ben iade istiyorum deyip ürünü almadım. O günden bugüne kadar Asilev ve Göztepe bayileri ile telefon ile görüşmeler, karta yansıyacak bölgeden haber bekliyoruz, çağrı merkezi ile görüşmeler vb. Almadığım bir ürün için kartıma 8178,40 TL ödeme yapmak zorunda kaldım. En son söylenen karta iade değil hesaba aktarım yapılacağı yönünde oldu. Göztepe bayinin IBAN almayı unuttuğu tarafıma bildirildi. 9 Ekim Çarşamba günü WhatsApp üzerinden IBAN'ım istendi. Ama yine yatan gelen bir para yok, WhatsApp'tan yazdıklarıma yanıt yok, Asilev'i aradığımda bayi hatası denildi. Hemen hemen her ay ürün aldığım Arçelik markası artık kendini çok bozmuş. Resmen 1 ayı geçkin süredir almadığım ürün için paramı ellerinde tutuyorlar.",13 Ekim 00:20,N/A
53,Sikayet Var,Emre,https://www.sikayetvar.com/arcelik/arcelik-televizyon-arizasi,N/A,14 Ekim 16:15,N/A
54,Sikayet Var,Emre,https://www.sikayetvar.com/arcelik/arcelik-camasir-makinesi-sorunu-cozulmuyor,N/A,14 Ekim 16:15,N/A
55,Sikayet Var,Dilek,https://www.sikayetvar.com/arcelik/hayal-kirikligi-yaratan-kahve-deneyimi,"İstanbul beyaz eşya bayisinden sipariş verdiğim 2 adet Arçelik 3341 Telve kahve makinesi 08.10.2024 tarihinde elime ulaşmıştır.
Köpüksüz, susuz, kahve tadı bile olmayan bu kadar kötü bir kahve olamaz. Markasını tanımadığımız makineler bile Arçelik 3341'den çok daha güzel ve lezzetli kahve yapıyor. Büyük hevesle aldığım ve güvendiğim markada hayal kırıklığı yaşadım. Üstelik 2 tane birden aldım. Kahve tiryakisi olarak kahveden soğudum. Benim içemediğim kahveyi misafirlerime hiç yapamam.
Bu nedenle 2 adet aldığım 3341 Arçelik Telve makinelerinin iade alınmasını talep ediyorum.",12 Ekim 23:01,N/A
56,Sikayet Var,Dilan,https://www.sikayetvar.com/arcelik/garanti-baslangici-sorunu-ve-ilgisizlik,"Merhaba, 2021'de Van Arçelik bayisinde çeyizim için 4 parça beyaz eşya aldım ve garantisinin başlamamasını, kurulum yapınca başlamasını istediğimi söyledim. Görevli, böyle bir uygulamanın olmadığını söyleyerek, ürünü aldığınız gibi garantisi başlar dedi. Ürünleri henüz açmadım, hala kutusunda ve garantisinin başlaması saçma. Kullanılmayan ürünün garantisi nasıl başlatılır? 2024'te tekrar gidip sorunumu anlattım ve beni umursamadılar. Sorunumun çözülmesini istiyorum. Çözülmediği takdirde Tüketici Hakları'na belgelerimle birlikte şikayette bulunacağım.",12 Ekim 22:47,N/A
57,Sikayet Var,Gizem,https://www.sikayetvar.com/arcelik/yeni-alinan-buzdolabi-calismiyor-ve-teknik-servis-ilgisiz,8 Ekim Salı günü Ordu Altaş Arçelik şubesinden 270531 eı model buzdolabı aldım. 12 Ekim cumartesi günü teslim edildi. Teknik servis yerine yerleştirdi fakat hiçbir şekilde ürünü prize takmadan kontrol etmeden gittiler. 4 saat sonra prize takmam yeterli denildi. 4 saat geçti. Prize taktım ve dolap hiçbir şekilde çalışmıyor ışıklandırma yanmıyor. Aciliyeti olduğunu belirttim. Size dönüş sağlanacak deyip kapattılar. Teknik servisi aradım telefonlara cevap vermedi.,12 Ekim 22:40,N/A
58,Sikayet Var,Talip,https://www.sikayetvar.com/arcelik/arcelik-camasir-makinesi-10120-m-leke-birakiyor,2 yıl önce Arçelik çamaşır makinesi aldım 10 kg'lik ve elbiselerde leke bırakıyor türlü türlü bahaneler uydurdular yok lastikten yok deterjandan dediler son olarak deterjan kutusundan dediler değişim veya iade istedim yok kesinlikle böyle bir şey söz konusu değil dediler makineyi her yerde paylaşacağım markanın ayıplı ürünüdür arkasında durmuyorlar.,12 Ekim 22:34,N/A
60,Sikayet Var,Ferhat,https://www.sikayetvar.com/arcelik/arcelik-urunlerinde-garanti-kapsaminda-siyah-nokta-sorunu,"Arçelik 574561 eı modelli buzdolabımın yan cephesinde fotoğraflarda görülebileceği üzere siyah noktalar oluştu. Ve yine Arçelik marka bulaşık makinemde siyah noktalar mevcut. Ürünün birinci yılı yeni doldu garanti kapsamında olması henüz bu kadar yeniyken böyle bir problem yaşamaktayım. Konuyla ilgili en kısa sürede destek olunmasını, ürünlerin değişimini talep etmekteyim.",12 Ekim 22:21,N/A
61,Sikayet Var,Gamzebekdemir,https://www.sikayetvar.com/arcelik/arcelik-musteri-hizmetleri-ve-servis-destegi-hayal-kirikligi,"Arçelik Smoothy K1192 model 25 yıllık katı meyve sıkacağım var, çok memnunuz. Sağ tarafı çalışırken sol tarafın düğmesi çalışmaz oldu. Müşteri hizmetleri ni aradım, model bilgileri bile yok, bilmiyorlar. Bu kadar özenle kullanılan makineyi nasıl muhafaza ettiniz demeden servise yönlendirdiler. Serviste 'eski' deyip cevap vermiyorlar. İnternetten sayfalarına yazdım ama hiçbir ilgi yok. Bu firmaya hiç yakışmıyor.",12 Ekim 22:20,N/A
62,Sikayet Var,Nihat,https://www.sikayetvar.com/arcelik/arcelik-servisinden-gelen-sasirtici-surpriz,"Çamaşır makinesi arızalandı. Arçelik'e bildirdim. Önce rezidans, sonra kurutma arızalı dendi. Geç tamir oldu ve bugün geldi. Gelen ürünün ön tarafı patlak. Benim makinem gıcır gıcırdı. Sonra üstteki pas dikkatimi çekti. Bu ürün benim olamazdı. Servise söyledim. Bu ürün benim değil dedim. İncelemişler, ürün benimmiş. Peki dedim. Üstteki pas dikkatimden kaçmış olabilir, fakat makinenin alt patlak kısmı bilinmez olur mu? Ben evimdeki cihazı bilmez miyim? Bu kadar ucuz mu? Evden alınırken böyleymiş kesin cümlesi... Belki servise indirirken oldu. Nereden bilebilirim? Kiracı olsam tamam, belki taşınma esnasında oldu. Kendi evime giren sıfır eşya. İlk kez servise çıkıyor. Evde işimiz gücümüz yok, makineyi mi parçalayacağız, çocuk da yok üstelik. Bu ucuz cevap Arçelik'e yakışmadı.",12 Ekim 21:29,N/A
63,Sikayet Var,Nazlı,https://www.sikayetvar.com/arcelik/titreyen-camasir-makinesi-sorunu,"Balıkesir Bandırma ilçesi Arçelik'ten 1 hafta önce satın aldığımız 10 kg çamaşır ve kurutma makinesi zangır zangır titremekte. Defalarca yetkili servis çağırsak da her seferinde aynı durum ile karşı karşıyayız. Dert sahibi olduk. Elimdeki videolarda gözüktüğü üzere bu şekilde gereğinin acilen yapılmasını istemekteyiz. Servis bir çözüm bulamıyor, demek ki bu durumda geri iade yapılmasını talep edeceğim. Bir sonraki seferde artık çekilecek dert olmaktan çıktı bu durum.",12 Ekim 20:49,N/A
64,Sikayet Var,Fevzi,https://www.sikayetvar.com/arcelik/arcelik-urunlerinde-surekli-ariza-ve-yetersiz-servis-hizmeti,"İki yıl önce almış olduğum Arçelik semaver geçtiğimiz 1 yıl içerisinde 3 kez servise gitmesine rağmen şu anda yine çalışmıyor. Ürünün sorunsuz bir sıfırıyla değiştirilmesini talep ediyorum. 
Yine 5-6 sene önce aldığım Arçelik Bulaşık makinesinde temiz yıkmama sorunu fark ettik ve üst pervanesinin alındığı günden beri dönmediğini fark ettik. Yetkili servis defalarca parça değiştirmesine rağmen sorun düzelmedi, evimizdeki tüm beyaz eşyalar Arçelik olmasına rağmen bu iki üründe maalesef mağdur edildik. Bununla ilgili olarak destek talep ediyoruz. Defalarca başka yollarla iletişim kurmaya çalışmamıza rağmen tatmin edici bir sonuca ulaşamadık. Buraya yazma sebebimiz de tatmin edici bir sonuca ulaşabilmektir.",12 Ekim 20:16,N/A
65,Sikayet Var,Mehmet,https://www.sikayetvar.com/arcelik/arcelikte-satis-sonrasi-hizmet-hayal-kirikligi,"Sefaköy İnönü Mahallesi Arçelik mağazasında geçen hafta perşembe günü 1 adet davlumbaz satın aldık. Ürünü takmaya gelen yetkili servis çalışanları ürünü yamuk takıp öyle bırakıp gitmişler. Arıyoruz müşteri hizmetleri ni, perşembe gününden beri gelen giden yok. Mağazaya gittim, belirttim. 'Ben arıyorum, yönlendiriyorum' dediler. Gelen giden yok. Bugün akşam 6 gibi aradılar, 1 saate kadar geliyor dediler. Yetkili servisimiz diye gelen giden yok, muhatap yok, satış sonrası ilgilenen yok. Arçelik pişmanlıktır. Müşteri memnuniyeti sıfır.",12 Ekim 19:50,N/A
66,Sikayet Var,Muhammet,https://www.sikayetvar.com/arcelik/arcelik-torbali-servisi-ile-yasanan-buyuk-sorunlar,"Yazıklar olsun Arçelik Torbalı servisi... 2 aydır mağdur ettiniz beni. Özetle anlatmak gerekirse, yaklaşık 2 ay önce kahve makinesi elektrik kaçağı var diye servis açtırdım, ürünü gelip aldılar ve 1 gün sonrası tamir yapıldı. Randevu için aranılacaksınız dediler. 3-4 gün sonra randevu verdiler fakat gelen giden ve haber veren olmadı. Bir sonraki gün tekrar randevu vermek için aradılar, yine gelen giden olmadı. Bu olay yaklaşık 3 hafta sürdü. Sürekli ben ve eşim izin alıyoruz, iş yerinden ürünümü getirmiyorsunuz diye defalarca şikayette bulunmama rağmen hiçbir çözüm bulunamadı. Yetkililer benim adıma pozitif hiçbir şey yapamadılar veya yapmadılar. Neyse, daha sonra bir şekilde ürünümü bulup getirdiler. Kir ve pas içerisinde, düğmeleri hep kırık bir şekilde. Sinirden delirdim, bu kez düğme için randevu oluşturdum. Gelip almaları yapmaları vs. Yine 2 hafta falan sürdü, yine aynı şekilde randevu verip defalarca getirmediler. En son yine bir şekilde getirdiler. Bu sefer de ürünümün cezveleri artık nasıl kötü muhafaza ettilerse cezveler hep darbeli ve çizikti. Bu ne saygısızlık diye diye yine servis kaydı açtırdım. 2 tane 200 liralık cezveyi 3 haftadır getiremediler. Bu kadar mağduriyet yaşatan Torbalı Arçelik servisine hakkımı helal etmiyorum. Ve yapabilirsem elimdeki tüm Arçelik ürünlerle ilgili Tüketici Hakları'na şikayette bulunacağım. Geri iade edebilmek için yazıklar olsun. Bu arada hala daha cezve bekliyorum. İnşallah çıkmaz ayın son çarşambası getirirler...",12 Ekim 19:50,N/A
67,Sikayet Var,Huriye,https://www.sikayetvar.com/arcelik/arcelik-bulasik-makinesi-ve-musteri-hizmetleri-hayal-kirikligi,"7 ay önce Arçelik bulaşık makinesi aldım, temiz yıkamıyor, bardakları çizdi. Çok sesli, kaç kere servis geldi. Normal dedi. Pes etmedim, her hafta servis çağırdım, sonra bölge sorumlusu geldi. Değişim dedi. Aynı model değil, fark verdim. 3.5 üst model aldım, geldi. Kapağı arızalı, uğraşama dedim, para iadesi istedim. Tamam dediler ama 7 ay önceki fiyatı verecekler, olur mu? Ben 15 gün önce yeni makineye 22.5 dediler. Benim makinemin üzerine 3.5 fark dediler. Ödedim. O gün güncel fiyattan hesap ettiğinizde, ödeme yaparken 7 ay önceki fiyat niye? Hadi bugünkü fiyat 23.5, onu da istemiyorum. Geçen ay bu makine için ödediğim fiyatı istiyorum. Şu an farkı verdiğim miktarda koysam, ilk aldığım makineyi alamıyorum. Sonrakini hiç alamam. Bu Arçelik'e yakışmadı, hem arızalı makineleri getirip hem mağdur ediyor. Şunu yazın, iki yıl sonra bozulsa, garanti kapsamında olsa paramız pul oldu desenize.",12 Ekim 19:31,N/A
68,Sikayet Var,Özgür,https://www.sikayetvar.com/arcelik/arcelik-ve-bayii-arasinda-kayip-indirim-ve-hediye-sorunu,"Arçelik'ten buzdolabı aldık. Bize OLİZ'e kayıt olursanız indirim olur dediler. 57 bin liralık dolaba 49 bin dediler. Ama peşin fiyatıymış. Taksitli 57.100'e aldık. Yanında hediye si var mı diye çıkarken sorduk. Yok dediler. Birkaç gün sonra Arçelik internet sitesinde ürünün yanında Dualfry olduğunu gördük. Bayiyi arayınca öyle bir şey olmadığını, çok sert konuştuğumu, telefonu kapatacağını ifade edip kapadılar. Arçelik müşteri hizmetleri ni aradık. Bayii ile görüşüp döndüklerini söylediler! Olayı incelemeden. Bize Oliz kampanya sı olduğundan 2. kampanya olamayacağını söylediler. (Kampanya varmış yani.) Sonra tekrar Arçelik'te şikayet talebi oluşturduk. Bize tekrar bayii ile görüşüp döndüklerini söylediler. Ürün aldığınızda 64 binmiş, Oliz ile 57 bine düşmüş olduğunu söylediler. Şu anda bile dolap internet sitesinde 57 bin (Oliz ile 49 bin) görünürken geçen haftadan bugüne dolapta 7 bin liralık indirim mi oldu dediğimizde müşteri hizmetleri ""evet öyle"" diyerek olayı kapatmaya çalıştı. Yani koskoca Arçelik ve bayisi (İstanbul Sancaktepe Dostlar Ticaret) küçücük bir hediye için çamura yatıp durdu.",12 Ekim 19:31,N/A
69,Sikayet Var,Onur,https://www.sikayetvar.com/arcelik/arcelik-buzdolabinda-garanti-sonrasi-gaz-kacagi-sorunu,"Garantisi biteli sadece 1 sene olan, toplamda 4 senedir kullanmış olduğum buzdolabımda, gövdede kullanılan malzeme kaynaklı gaz kaçağı olduğu için fabrika tarafından değişim kararı alındı.
Alındı alınmasına fakat tekrar ödemem gereken rakamlar şaka gibi. Ben, durduk yere benimle uzaktan yakından alakası olmayan bir durumdan arıza yaşıyorum ve ciddi maddi bir külfetle karşı karşıyayım. Arçelik gibi koskoca bir markaya, firmaya bu yakışmıyor. En kısa sürede bu sorunumun tüketici taraflı çözüleceğinden hiç şüphem yok.
Unutulmasın, en gerçekçi en güvenilir reklam kullanıcıdır, müşteridir.
Saygılarımla.
M****** O*** Ş*****
Tel: 0553********69",12 Ekim 18:13,N/A
70,Sikayet Var,Erhan,https://www.sikayetvar.com/arcelik/arcelik-servisinde-sorunlu-filtre-degisimi-ve-yaniltici-ucret-talepleri,"Merhabalar 
12 Ekim 2024 tarihinde Arçelik SD 6141 model cihazım 2. Kez servisten gelen toz haznesi, filtreleri ve batarya değişimi olduğunu söyleyen Arçelik servisi. Bu şekilde bir filtre değişimi olabilir mi. Servis bana ısrarla servis bedeli filtre bedeli ile arayıp ücret talep ettiler. Ayrıca süpürge uç kısmını göndermediğim halde görmediği parçaya kırık onunda değişmesi gerekli ücretli denmesi gerçekten şaşırtıcı. Ben ısrarla ürünün gidip gelmesinden yoruldum. Cihazımın gidip gelmekte çizilmedik yeri kalmadı. Ben bu cihazı nasıl geri kullanayım. Bana gönderilen sözde yeni filtrenin içi görseldeki gibi pislik dolu hiç sıfır takılmış filtre ve toz haznesine benziyor mu. Ben artık yoruldum çağrı merkezi nden uğraşmaktan yoruldum.",12 Ekim 17:59,N/A
71,Sikayet Var,Güzide,https://www.sikayetvar.com/arcelik/yeni-alinan-camasir-makinesinde-fabrika-cikisli-hata-ve-yetersiz-servis,"Pazar günü 10140pmf ürününü satın aldım. Salı günü gelip kurulum yaptılar. Aynı hafta cuma günü makinedeki çamaşırlar sulu çıktı. Tekrar çalıştırdım, yine sulu çıktı. Daha sonra fark ettim ki tamburu (kazanı) da dönmüyor. Hemen servis randevusu oluşturdum. Cumartesi günü (ertesi gün) geldiler ve kazanın kayışının koptuğunu, 5 dakikada yapabileceklerini söylediler. Kabul etmedim, çünkü bana göre kabul edilebilir bir durum değil; 3 günlük makinenin tamburunun kayışının kopması. Onarımı kabul etmediğimi, iade talebimi ilettim. Gelen arkadaşlar, büyütülecek bir durum olmadığını, fabrika çıkış hatalı olduğunu ve 5 dakikada yapacaklarını söylediler. Ben kabul etmeyince de 'şansınıza küsün' diyerek gittiler. Saçmalık, dalga geçer gibi, aynı zamanda terbiyesizlik. Ben de tekrardan servisi arayıp iade işlemimi hızlandırmalarını rica ettim, hala bekliyorum. Umarım daha fazla mağdur olmam. Ama kesinlikle Arçelik'e uğramayacağım belli, bir daha asla başka bir ürününü almayacağım, kimseye de önermiyorum!",12 Ekim 17:53,N/A
72,Sikayet Var,Selen,https://www.sikayetvar.com/arcelik/robot-supurge-calismiyor-ve-hata-mesaji-veriyor,"Robot süpürgenin güç tuşu açık olduğu halde güç tuşunu açın diyor. Ne şarj oluyor ne çalışıyor. Hata veriyor. Güç tuşunu açın diyor. Ne yapmam lazım? Telefondan açıp kapıyorum, hata bu şekilde veriyor. Garanti si yeni bitti. Benim yapabileceğim bir şeyse yapabilirim, olmazsa servise götüreyim",12 Ekim 17:26,N/A
73,Sikayet Var,Oğuzhan,https://www.sikayetvar.com/arcelik/kurutma-makinesi-aliminda-hayal-kirikligi-yamuk-izgaralar,"Arçelik marka kurutma makinesi satın aldığımız üründe alt kısmında bulunan ızgaralar yamuk şekilde geldi. Ürünün kullanma kılavuzunda ""Temizlerken dikkatle temizleyin, parçalar yamulabilir"" şeklinde ibare olmasına rağmen, sıfır ürünün kendi ızgarası yamulmuş şekilde geldi. Durumu servise ilettik, üründe ya parçanın değişimini ya da ürünün değişimini talep ettik. Servis bize yapılamayacağı yönünde olumsuz dönüş yaptı. Sattıkları ayıplı malı kabul etmediler.",12 Ekim 16:12,N/A
74,Sikayet Var,Bayram,https://www.sikayetvar.com/arcelik/arcelik-cayci-surekli-arizalar-ve-hayal-kirikligi,"Arçelik çaycı sürekli sorun çıkarıyor ve sigorta atıyor. Bir kere garanti ye gitti ama yine arıza verdi. İstemiyoruz bu ürünü, gerekli her yere şikayet edeceğiz. Bu ürünü alan kim varsa şikayetçi; kokusundan, düğmesinden, sesinden... Arçelik'e hiç yakışmadı. Bu yüzden bir daha alışveriş yapmayı düşünmüyorum.",12 Ekim 16:03,N/A
75,Sikayet Var,Sermin,https://www.sikayetvar.com/arcelik/arcelik-televizyon-iade-sorunu-magduriyetim-giderilsin,"Arçelik marka A32D561B model televizyon aldık. Bina anteniyle uyuşmadı, sinyal alamadığı için çağrı merkezi yle iletişime geçtik, 30 gün koşulsuz iade hakkımız olduğunu söylediler. Servis gelip teslim aldı. İade alınacağı için de Beko marka başka bir televizyon aldık. Aradan 8 gün geçti. İade olmayacağını söylediler. Servis başka, çağrı merkezi başka şey söylüyor. Emekli bir kişiyim, bir ayda 2 televizyon parası ödedim. Mağduriyetimin giderilmesini istiyorum, acilen.",12 Ekim 15:09,N/A
76,Sikayet Var,Elif,https://www.sikayetvar.com/arcelik/arcelik-buzdolabinda-beklenmedik-sorunlar,"3 yıl önce bayiden sıfır aldığımız Arçelik buzdolabımın buzluğuna bu yıla kadar pek bir şey koymadığım için bir sorun yoktu ama bu yıl etlerimi buzdolabımın buzluğuna koydum ve etleri koyduktan sonra hiç kullanamadım. Raflarım kırıldı, plastik malzemesi o kadar kötüymüş ki donduktan sonra iki rafta tamamen kırıldı ve hiçbir şey alamıyorum. Oradan biz sorun yaşamamak için Arçelik'i tercih etmiştik ama sorunun en büyüğü yaşadık. Serviste garantisi dolduğu için çok para istedi. Değiştiremedik ve şu an çok mağdurum.",12 Ekim 14:26,N/A
77,Sikayet Var,Abdurrezak,https://www.sikayetvar.com/arcelik/arcelik-bulasik-makinesi-pas-sorunu-ve-yetersiz-servis-hizmeti,Arçelik marka yarı ankastre bulaşık makinesi aldım kurulumundan 1hafta sonra makinenin içinde pas lekesi olmaya başladı. Servise bildirdim. Servis gelip kontrolü yaptıktan sonra bana süreçle ilgili bilgi vereceklerini söylediler. 1hafta sonra gelip makineyi götürdü Ler ben makinenin değişimini istedim fakat servis makinenin kazanın değişeceğini söyledi. Ler bunun için Arçelik merkeziyle görüşün dediler. Bende Arçelik müşteri hizmetleri ile görüştüm bana makinenin değişimini istedim. Tamam dediler. Konunun çözümü için servise ileteceğiz dediler. Servisle görüştüm bize genel merkez den kazan değişimi için sonuç verdiler. Suçu birbirlerine attılar bir sonuç elde edemedim. Makinemi servis gelip montajını yaptı. Su an tekrar makinenin içinde pas lekeleri oluştu.,12 Ekim 14:19,N/A
78,Sikayet Var,Aycan,https://www.sikayetvar.com/arcelik/arcelik-buzdolabi-teslimat-sorunu,"7 senelik Arçelik5845 Nfey buzdolabımı; motoru arıza yaptığı için servis aldı ve bir buçuk iki gün sonra yapıp göndeririz dediler. Diğer gün arayıp motorun tamir edilemeyeceğini ürünümü değişim yapabileceklerimi söylediler. Ertesi gün ödemeyi hemen yaptık. Fakat buzdolabı ödemeyi yaptıktan 8 gün sonra hala teslim edilmedi sürekli müşteri hizmetleri ni arayıp aciliyetinin olduğunu söylüyorum. Nakliye bilgisi yok, dün mesaj attılar bugün için teslim edileceğini söylediler hala teslimat yok, Mersin'in Silifke ilçesinde yaşıyorum, aldığım buzdolabı Adana'dan gelse bile taş çatlasa iki güne gelmeli ödeme yaptıktan sonra 3 gün içinde teslim olmalıydı en fazla. Artık müşteri hizmetlerini aramaktan sıkıldım.",27 Ocak 2023 14:53,N/A
79,Sikayet Var,Selin,https://www.sikayetvar.com/arcelik/arcelik-urunleri-ve-musteri-hizmetleri-hayal-kirikligi,"Arçelik'in süpürgesi ve kahve makinesini almıştım ancak anlattıkları performansta kesinlikle değildi. Kahve makinemle süpürgemi servise verdim ancak ne kahve makinem hala gelmedi, üstüne süpürgemi 17 yaşındaki çocuk aldı. Ustanın alması gerekiyordu ve süpürgemi 'bir şeyi yok' diye gönderdiler. Ekranı kırık ve çizik şekilde gelmişti. Ben ürünleri iade ve süpürgemin parasını istiyorum. Deyince benimle iletişim kuran müşteri temsilcileri bağırıp çağırarak konuşarak beni bastırmaya çalışıyor. Gereken her yerde şikayet edeceğim.",12 Ekim 14:11,N/A
80,Sikayet Var,Eylül,https://www.sikayetvar.com/arcelik/arcelik-supurgeden-gelen-kotu-koku-sorunu,"Arçelik H13 Dust Seal elektrikli süpürgeyi çalıştırdığımız an etrafa çok kötü ve pis bir koku yayılıyor, süpürmeye çekinir olduk. Etraf kokacak diye endişeleniyoruz. Sebebi nedir, problemi gidermek için ne yapılması lazım? Garanti miz yok, servise vermek istemiyoruz. İlgilenilmesini talep ediyorum.",12 Ekim 13:58,N/A
81,Sikayet Var,Emel,https://www.sikayetvar.com/arcelik/arcelik-buzdolabi-kapak-sorunu-ve-yetersiz-servis-hizmeti,"Temmuz ayında Arçelik buzdolabı 578556 eı model satın aldım. Bir süre çok önem vermediğim fark etmediğim alt dolap kapağımın kolayca kapanmadığını hatta hiç uyarı sesi de çıkarmadığını, ve son olarak sabahtan akşama kadar açık kalıp soğutmanın olmadığını görünce servise haber verdim. 12.10.24'de servis gelip dolabı kaldırıp sağ ön ayakta bir işlem yaptılar sonrasında bir şey değişmedi. Zemin düzgün değil, sert kapayın önerisinde bulunarak işlerini tamamladılar. Sorunum hallolmadı. Evimde kullandığım tüm beyaz eşya, Arçelik Beko markalı olup, son aldığım buzdolabının kalite olarak ta Arçelik teknolojisine yakışmadığını görüyorum. Dolabımı iade etmek istediğimi Arçelik yetkililerine bildirmek isterim.",12 Ekim 13:50,N/A
82,Sikayet Var,Eray,https://www.sikayetvar.com/arcelik/servis-kayitlarinin-kapatilmasi-ve-iletisim-eksikligi,"Arçelik Çerkezköy servisi, yalan beyan ile ürünü incelemeden servis kayıtlarını kapatıyor. Yaklaşık 20 adet servis kaydı açılmasına rağmen, hiçbir dönüş yapmadan kayıtları kapatıyor. 2 aydır herhangi bir dönüş alamıyorum. Müşteri memnuniyet yönetimi konusunda ciddi eksiklikler var.",12 Ekim 13:09,N/A
83,Sikayet Var,Tuba,https://www.sikayetvar.com/arcelik/arcelik-magazasinda-ek-garanti-sorunu,"Selçuklar Akçakoca Arçelik satış mağazasından 8. ayda almış olduğum çamaşır makinesinin ek garantisini yaptırmak için buraya gittiğimde, orada çalışan bir erkek temsilciye durumu anlattım ve bana servisi bir arayayım dedi. Aradığı kişi sanırım O****** diye biriydi. Ne konuştularsa bana, 'Biz buradan bunu yaparsak problem yaşarsınız.' dedi. Ben de kendisine 3 ay önce Ankara'dan almış olduğum makinelere bu durumda iken ek garantiyi satış mağazası tarafından yapıldığını söyledim. 'Biz yapamayız.' dedi ve ben de 'Bu işi bildiğinize emin misiniz?' dedim. 'Bakın,' dedim, 'bütün Türkiye satış mağazaları bu işi yapabileceklerini söylüyor. Siz de bu yapan yerler bilmiyorlar, evet ben daha iyi biliyorum diyorsunuz. Problem yaşayacaksınız.' diyor ve ben de 'Bu sistem birbirine bağlı değil mi?' diyorum, 'Yaptığınız ek garanti makinenin barkoduna kaydolur ve gelen servis barkoddan görebilir.' dedim ama kendisi 'Ben iyi biliyorum, yapan yerler bu işi bilmiyorlar.' deyince ben, 'Ne kadar bildiğiniz tavırlarınızdan belli.' dedim ve çıktım. Akçakoca Arçelik servisine gittiğimde de 'Yapmaları gerekirdi.' dediler.",12 Ekim 12:48,N/A
84,Sikayet Var,Eylem,https://www.sikayetvar.com/arcelik/koctas-arcelikten-aldigim-cam-ocak-patladi,"Koçtaş Arçelik'ten bütün beyaz eşyalarımı 3 yıl önce aldım. Dün cam ocağım patladı ki montaj sırasında 'Cam ocak patlar mı?' diye sorduğumda, bizden ek ücret alıp ayar yaptılar. 'Patlamaz' dediler ama dün patladı. Şimdi de benden 3900 TL para istiyorlar. Camın değişmesi için bunun ücretsiz yapılması gerekiyor. Zamanında benden 'patlamaz' diye para aldınız ve bu benimle ilgili bir konu değil. Canımıza zarar gelebilirdi. Ocağımızı ücretsiz değiştirin, yoksa daha büyük yerlere de şikayette bulunacağım.",12 Ekim 11:45,N/A
85,Sikayet Var,Zübeyde,https://www.sikayetvar.com/arcelik/arcelik-supurge-makinesi-servis-sorunu,Merhaba 2023 yılında Arçelik'ten annem Güllü Yıldırıma süpürge makinesi aldım. Çekim gücü azaldığı için Çekmeköy Arçelik'ten servis kaydı açtık. Servisten bize iç gövdede kırık var ve 2600 TL ücreti olduğunu söylediler. Servisle görüştüğüm kişiye süpürge makinesini kontrol ettiğimde bir kırık göremedim. Serviste iç tarafta var denildi. Resim istediğimde dış ve tekerlek kısmında kırık var. Servisin WhatsApp yazışması da hoş değil. Servise kontrol ettiğimde kırık olmadığını bunu servise getirilirken kırmış olabilirsiniz dedim kabul etmiyorlar. Arçelik çağrı merkezi ni aradığımı da Ürünümün ücretsiz değişimini talep ettiğim halde hiçbir şekilde dönüş olmadı. Mağdurum evimi temizlemek için komşudan makine alıyorum. Mağduriyetimin en kısa sürede giderilmesini ve ürünün değişimini talep ediyorum.,12 Ekim 11:38,N/A
86,Sikayet Var,Bilal,https://www.sikayetvar.com/arcelik/eksik-parca-ve-yetersiz-musteri-hizmeti,"TV ünitesi aldım Akşehir Bellona Özgün Mobilya 'dan. Parçası eksik geldi, 1 aydır gelen yok. Kayseri müşteri hizmetleri ni aradım. Müşteri temsilcisi telefon u yüzüme kapattı. Mahalle esnafı sizden daha iyi. Bin pişman oldum Bellona aldığıma. Müşteri temsilciniz önce konuşmasını, kibarlığı öğrensin sonra eline telefon verin.",07 Ekim 15:23,N/A
87,Sikayet Var,Müjde,https://www.sikayetvar.com/arcelik/arcelik-yaniltici-satis-taktikleri-ve-iade-sorunu,"30.09.2024'de Silivri çetinler Arçelik mağazasından satış temsilcisinin yanıltıcı konuşmalarına inanarak 01.10.2024 de kredi kartımla, indirim li olduğunu sandığım 2 farklı ürün aldım. Sonrasında aslında hiçbir indirim yapılmadığını fark ettim. Ertesi günü başka bir Arçelik mağazasında aynı ürünlere daha düşük bir fiyat söylediler. Oradan çıkıp, Silivri çetinler Arçelik mağazasına gittim. Başta özür dileyerek indirim tutarını iade edebileceklerini söylediler. Ürünleri istemediğimi, para iadesi istediğimi söylediğimde 'Arçelik'e mailinizi atıyoruz, 3 günü bulur iadeniz' dendi. Mağazada satışı yapan kadının, 'buna kesin diğer Arçelik mağazasında teşhir ürünü verirler' diye arkadaşlarıyla dalga geçer tarzda konuşmasını duydum. Soruyorum: 1- Arçelik teşhir ürünü mü satıyor? 2- Arçelik mağazasında çalışan personel ler müşteriye üslup, nasıl konuşması hakkında eğitim alıyorlar mı? 3- sattığı ürünün garanti süresini bilmeyen satış temsilcileriniz var, ürünler hakkında eğitim almıyorlar mı? 3 gün sonra aradığımda bir sürü yalan dolan hikaye yazdılar. 11 gündür para iademi yapmıyorlar. Param iade olmadığı için diğer Arçelik mağazasından alışverişimi yapamıyorum. Tam bir hayal kırıklığı... Arçelik genel merkez inden konuyla ilgili ivedilikle yardımlarını bekliyorum. Param iade olmadığında hukuki yollara başvuracağımı buradan tekrar iletirim.",12 Ekim 03:30,N/A
88,Sikayet Var,Erdem,https://www.sikayetvar.com/arcelik/pasli-vidalar-ve-arizali-tuslar-yerli-mali-hayal-kirikligi,"Arçelik dedik, yerli malı olsun dedik hata yaptık. Cezvenin kulpunda paslanabilen vida nasıl kullanılır. 6 aylık cihazın kulplarında paslı vidalar var, çelik vidanın maliyeti nedir ki bu kadar basit bir kulpta bile en ucuzunu kullanıyorsunuz. Paslı vidayı geçtim, o nasıl açma kapama tuşudur, içeriden kısadevre sesleri geliyor, bir çalışıyor. Bir çalışmıyor. Ayıplı ürün değil midir bu şimdi? Getirin vidayı değiştirelim, on off tuşunu değiştirelim mi diyeceksiniz? Hiç yakışmadı. Markaya bu. Kaliteyi yerli markalarda arayarak hata yapmışız. Bu işin maalesef millisi olmuyor.",12 Ekim 01:38,N/A
89,Sikayet Var,Yaşar,https://www.sikayetvar.com/arcelik/arcelik-robot-supurge-ile-bitmeyen-sorunlar,"Arçelik robot süpürge aldık, Bir yıl dolmadan 3 defa servise gitti.
Sorun çözüldü deniyor, her seferinde farklı bir sorun olarak devam ediyor İade edelim veya değiştirin diyoruz.
Kabul etmiyorlar. Süpürgeyi şu an servisle ortak kullanıyoruz. Çöpe atacak paranız varsa alın. Biz şu an mağdur olduk. Yeni aldığım bir ürünü 3 defa servise vermek istemiyorum. Ben ikinci el bir ürün almadım.",03 Ağustos 13:17,N/A
90,Sikayet Var,Halime,https://www.sikayetvar.com/arcelik/yeni-camasir-makinesi-surekli-duruyor,"Arçelik 10120 M çamaşır makinemizi alalı henüz çok olmadı. Buna rağmen, çalışırken bir anda duruyor ve başlat tuşuna basmadan yıkamaya devam etmiyor. Bu kadar yeni bir makine bu kadar çabuk sorun yaratabilir mi, anlamış değilim. Yıkamasından memnunuz ancak yıkarken sürekli duruyor ve devam etmesi için tuşa basmak zorunda kalıyoruz.",11 Ekim 23:30,N/A
91,Sikayet Var,Ülkü,https://www.sikayetvar.com/arcelik/davlumbaz-boyasi-sorunu,Davlumbazımı temizlerken boyasının çıktığını fark ettim ve silmeyi bıraktım. Görselde de görüldüğü gibi bazı yerleri siyah bir şekilde kaldı. Daha yeni kullanmaya başlamıştık. Artık davlumbazımı silmeye korkar oldum. Bu sorunumuzun en kısa zamanda çözülmesini istiyorum.,11 Ekim 21:44,N/A
92,Sikayet Var,Ali,https://www.sikayetvar.com/arcelik/arizali-klima-ve-iade-surecinde-yasanan-sorunlar,"Ücret İadesi
2024 yılı haziran ayı içerisinde 18Btu klima alındı alınan klima arızalı çıktı. Yetkili servis Sorunun eve ait klima tesisatından olabileceğini düşünerek eve ait klima tesisatını kullanmadı dışarıdan tesisat çekti.
 Daha sonra klima iç ve dış ünite Olmak üzere ikinci takılan klima da ne yazık ki arızalı çıktı Biz Arçelik servisini arayarak kesinlikle değişim istemediğimizi ve paramızın iadesini İstedik. Konu ile ilgili olarak klimanın iç ve dış Üniteleri yetkili servis tarafından sökülerek götürüldü.
 Klimanın arızası almış olduğum haziran ayı içerisinde sorun yapmaya başladı. Yaz boyunca klimayı kullanamadım.
 Para iadesi konusuna da gelince; İade onaylanmasına rağmen İstanbul'daki Arçelik genel merkez i aradığında müşteri temsilcileri hepsi birbirinden bağımsız bilgi veriyorlar. 
 Aynı zamanda WhatsApp üzerinden müşteri temsilcileri ile konuşuyoruz hiçbir şekilde çözüm bulamıyoruz.
Daha sonra Arçelik Sisteme tanımlı telefon numarasına ""Klima iade tutarı vermiş olduğunuz ibana yatırılmıştır"" denilerek SMS Mesajı gönderiliyor ancak ilgili bankanın IBAN hesabı kontrol edildiğinde konu ile ilgili paranın yattığı görünmüyor. Yetkili servis Arandığında ise paranın henüz yatmadığı söyleniyor. Aynı zamanda Yetkili kişiler paranın pazartesi günü çarşamba günü perşembe günü vs denilerek sürekli erteliyorlar.
Bununla ilgili olarak ilgili birimin 
-müşteri temsilcilerine bırakmış olduğum Ben Al* Gu**l 505***9822 ile olan GSM hattımı aramasını Ve paramın ne zaman yatacağı ile ilgili bilgi almak istiyorum.
-Mağduriyetimin bir an önce giderilmesini istiyorum.
-Haziran ayında Ödemiş olduğum ücretinin IBAN hesabıma yatmasını istiyorum.
-Aksi takdirde bu yazmış olduğum yazı dilekçe formatında düzenlenerek Cumhuriyet Başsavcılığına dilekçe ve verilecektir.",11 Ekim 21:09,N/A
93,Sikayet Var,Yener,https://www.sikayetvar.com/arcelik/arcelik-buzdolabi-sorunu-ve-musteri-hizmetleri-hayal-kirikligi,"Arçelik XL gri model buzdolabı aldım, motorundan iki defa ses geliyor. Motorunu değiştirdiler ama hâlâ aynı sonuç. Arayıp söylediğimde bir sıkıntı yok deyip oyalıyorlar. Bu şekilde nasıl bu insanlara güvenip alışveriş yapacağız? En son dolabı evin önüne atıp yakacak duruma geldim. Arçelik'e yakışmayan bir davranış, bir aydır oyalıyorlar. Fatura alamıyorum. Tüketiciye şikayet etmek için gerekenin yapılmasını arz ederim. Yardımcı olursanız sevinirim.",11 Ekim 20:22,N/A
94,Sikayet Var,Zuleyha,https://www.sikayetvar.com/arcelik/paslanmaz-buzdolabi-kabusu-arcelik-servis-cikmazi,"Arçelik marka buzdolabım inox paslanmaz ve parmak izi tutmaz özellikli. Fakat kapağı paslandığı için müşteri hizmetleri yle görüştüm. Esenyurt Kıraç’tan 5 kez yetkili servis geldi. Dolabın kapağının fotoğrafını çekti. Kayıt açacağız diyerek gitti. Fakat kayıt açılmadan kendileri tarafından kapatıldı. Arçelik Müşteri temsilcisi ile defalarca kez iletişime geçerek durumu aktardım. Fakat yapabildikleri tek şeyin durumla ilgili kayıt oluşturup tekrar servis çağırmak olduğunu söylediler. Bari yetkili servisi Kıraç bölgesinden yollamayın dedim 6. Defa Kıraç bölgesinden yetkili servis geldi. Fotoğraf çekerek gitti. Bugün Kıraç servisten 02126893864 numara ile Ö**** hanım arayarak babamdan garanti si bitmemiş üründen para talebinde bulundu. Eğer ödeme yaparsanız bize dolabınızın kapağını değiştiririz dedi. Biz garantisi bitmeyen bir üründen para talep edilmesini doğru bulmadığımızı söyledik. Aynı buzdolabından 2 tane aldık. Diğer dolabımızda Zonguldak’ta paslanma olduğu için kapağı yetkili servis tarafından değiştirildi. Durumu aktardık fakat Kıraç’tan Ö**** hanım öncelikle bizimle Genel merkez den arıyormuş gibi konuştu, arızayı ücretle giderebileceğini söyledi. Zaten garantisinin bitmesinede az kalmış dolabınızı yanlış yerde kullanmışsınız dedi. Kabul etmediğimizi söyleyince gidin şikayet oluşturun. Yapsınlar o zaman dedi. Dolabımın kapağının değiştirilmesini ve Kıraç merkezde ki yetkili servisleri ile irtibat kurmalarını talep ediyorum.",11 Ekim 18:40,N/A
95,Sikayet Var,Hayati,https://www.sikayetvar.com/arcelik/arcelik-tvnin-beklenmedik-arizalari-ve-uygulama-eksiklikleri,"Arçelik TV 4,5 senede ledi bitti.
Kardeşim 10 yıldır LG kullanıyor, bizden fazla TV izliyor ama bu şekilde bir sorunu olmadı. 5 sene önce aldığım 
Son teknoloji TV 
Exxen yüklenmiyor 
Bein Sports göstermiyor 
Netflix uygulama yok yüklenmiyor
Değişim talep ettim, teni TV almalısınız deniyor. Şaşırdım kaldım",11 Ekim 18:40,N/A
96,Sikayet Var,Mahsun,https://www.sikayetvar.com/arcelik/arcelik-servisinde-televizyon-hasari-sorunu,"Bartın Merkez Arçelik servisine bırakmış olduğum Arçelik marka LED televizyonumun LED arızası olduğunu öğrendim ve yapılmasını söyledim. Bana 3400 TL bir rakam söylediler ve kabul ettim. 
Televizyon yapıldıktan sonra eve gönderildiğinde ekranın sol alt köşesinin kırık olduğunu gördüm ve aynı gün TV'yi alıp servise götürdüm. Hatalarını kabul etmiyorlar ama ben fotoğraflarla kanıtladığım halde yine de inkar ettiler. Şikayetçiyim, sonuna kadar hakkımı arayacağım.",11 Ekim 18:39,N/A
97,Sikayet Var,Tuğçe,https://www.sikayetvar.com/arcelik/bulasik-makinesi-degisim-surecinde-yasanan-sorunlar,"Geçen sene Ekim ayında, 5 kere parça değişiminden sonra sorun çözülemeyen bulaşık makinesi değişime alındı. Bu süreçte bana sunulan ürün alt segment kaldığı için, benim ürünüme göre fiyat farkıyla üst modelini istedik. Gelen ürün çizik, vuruk ve defolu geldi. Birkaç kere bu şekilde geldi. Değişim sürecinde onun da bir üst modeli, en pahalı ürününü fiyat farkı vererek aldık. O üründe de sürekli vuruk ve kapak sürtmesiyle geldi (kronik bir sorun 6188 modelinde). 10'u geçkin değişim yapıldı ama defolu ürünler gelmeye devam etti. Servis kendi kabul etti, kendi gördü ve fotoğrafladı. Önceden ek garanti yaptırdığım için değişim devam etti, hala değişimi tamamlanmadı. Herhangi bir kusurum olmamasına ve 1 yıldır mağduriyet yaşamama rağmen, taşıma ya da paketleme alanında sorun yaşayan ürünü değişim istediğim için bana fatura bedeli ödenmesini önerdiler. 1 yıldır mağdur edildiğim yetmemiş gibi, üzerine dalga geçer gibi bana o zamanki ücret bedelini ödeme sunuyorlarmış. Bölge müdürünü aramasam değişimi unutan sistem, her üründe neredeyse 1,5 ay bekletildiğim oldu. Bunun gibi nice sorunlar yaşadım. Evimden A'dan Z'ye üst segment Arçelik Beko beyaz eşya ve küçük ev aletlerine sahibim, anlamıyorum. Bu kadar uzatılmasına, mağdur edilen benim, hala bekleyen benim. Bugün fatura bedeli ödenecek deniliyor. Sanki sevkiyatı ben yapıyorum, sanki benim evimde ürün zarar görüyor. Koca firma, aşırı aşağılayıcı bir durum, insanın aklıyla dalga geçer gibi. Çözüme bakın, 3 sene önce en pahalı ürünü 4 bin TL'ye bulaşık makinesini aldım, şu an ederi 45-50 bin TL iken bana fatura verilecek, yani 4 bin TL. Şu an bir küçük ev aleti alınamaz o paraya. Acilen yetkili kişilerin çözümünü istiyorum. İyi niyetle yaklaştığımız, kimsenin kalbini kırmadan yürütmeye çalıştığım bu süreçte, iyi niyeti kötüye kullanmaya çalışan bir sistem görüyorum. Lütfen yardımcı olun.",11 Ekim 18:16,N/A
98,Sikayet Var,Hasan,https://www.sikayetvar.com/arcelik/buzdolabi-nakliye-sorunu-1-aydir-bekliyoruz,Beşyüzevler Akçaylar Arçelik şubesinden buzdolabı satın almıştık annemle birlikte. Olayın üzerinden 1 aydan fazla zaman geçmesine rağmen hala buzdolabı evime nakliye edilmedi ve buzdolabı aldığımız zaman önümüzdeki hafta nakliye işlemi tamamlanır denilmişti. Bir şeyler olsun diye şikayet mi etmemiz gerekiyor.,11 Ekim 18:11,N/A
99,Sikayet Var,Elif,https://www.sikayetvar.com/arcelik/arcelik-urunleri-ve-servisinden-yasanan-magduriyet,"Herkese Selamlar, 
Maalesef global bir firma olarak, Arçelik'le iş anlaşması yaptığımız için ürünlerini bir dönem almak zorunda kaldık. Bir insanın yaşayabileceği her türlü mağduriyeti de bu sayede yasadık.
Temmuz ayında aldığımız bir semaverin çeşmesi sürekli akıtmaya başladı ve de değişim talep ettik. Bu semaver, maalesef; sırf Arçelik müşterimiz diye kullanmak zorunda kaldığımız bir üründü. 1 ay dolmadan akıtmaya başlayan semaveri Gültepe Arçelik şubesine götürdük. Çeşmesinde sıkıntı olduğunu ve bunu tamir ettiklerini bir daha akıtmayacağını ve de hiçbir şekilde değişim yapmayacaklarını belirttiler.
Bu arada daha evvel de sebilimizi kaybetmişlerdi. Bu konu mahkemelik o yüzden yazamıyorum.
Yani kısacası Arçelik pişmanlıktır. Arçelik servis daha büyük pişmanlık. Pazardan alın, çarşıdan alın ama Arçelik'ten hayır. Bunu ürünlerini kullanmak zorunda kaldığımız firmadan yaşadığım deneyimle size yazıyorum.
Saygılar",11 Ekim 18:11,N/A
100,Sikayet Var,Aykut,https://www.sikayetvar.com/arcelik/arcelik-klima-servis-sorunlariyla-mucadele,"Mardin Arçelik'ten aldığımız garantili klima, 2 yıldır iç üniteden su akıtıyor. Servisin defalarca gelmesi ve benim buraya defalarca şikayet yazmam bir şeyi değiştirmiyor ve ilgilenmiyorlar. Servis defalarca arızayı bulamıyor ve en son 'gidin şikayet edin' dedi. Mardin Arçelik servisi, biz de savcılığa Tüketici Hakları'na başvuracağız. Arıza çıktığı zaman hiç kimse ilgilenmiyor. Biz genel merkez i bile defalarca aradık. Arçelik, size hakkımızı helal etmiyoruz.",11 Ekim 18:08,N/A
